19:33:37 [INFO] main: ============================================================
19:33:37 [INFO] main: Запуск приложения
19:33:37 [INFO] root: Конфигурация загружена из config.json
19:34:04 [INFO] core.project_manager: ProjectManager инициализирован
19:34:06 [INFO] ui.main_window: Главное окно инициализировано
19:34:06 [INFO] main: Главное окно открыто
19:35:23 [INFO] core.project_manager: Загрузка CAD-модели: C:/project/geo_module/Green_Alien.stl
19:35:24 [INFO] core.project_manager: CAD загружена: 615,460 вершин, 206,140 треугольников
19:35:33 [INFO] core.project_manager: Загрузка облака точек: C:/project/geo_module/scan.ply
19:35:33 [INFO] core.project_manager: Скан загружен: 76,784 точек
19:35:35 [INFO] core.worker: ① Предобработка облака точек...
19:35:35 [INFO] core.algorithms.preprocessing: SOR: начало. Точек до фильтрации: 76,784
19:35:35 [INFO] core.algorithms.preprocessing: SOR: удалено 348 выбросов. Осталось: 76,436 точек
19:35:35 [INFO] core.algorithms.preprocessing: Авто voxel_size = 1.8579 (1.5% от диагонали bbox облака 123.86)
19:35:35 [INFO] core.algorithms.preprocessing: Voxel Grid: начало. voxel_size=1.8579. Точек: 76,436
19:35:35 [INFO] core.algorithms.preprocessing: Voxel Grid: 76,436 → 3,826 точек (уменьшено в 20.0x)
19:35:35 [INFO] core.worker:    Предобработка завершена. Осталось точек: 76,436 (полное), 3,826 (прореженное)
19:35:35 [INFO] core.worker: ② Регистрация (совмещение скана с CAD-моделью)...
19:35:35 [INFO] core.algorithms.registration: Размер модели: [64.11 64.01 80.  ] мм, диагональ: 120.86 мм
19:35:35 [INFO] core.algorithms.registration: Адаптивные параметры: voxel=2.417, fpfh_r=6.043, ransac_d=3.626
19:35:35 [INFO] core.algorithms.registration: Пересчитываем прореживание: preprocessing voxel=1.8579, адаптивный voxel=2.4173 (разница > 20%)
19:35:36 [INFO] core.algorithms.registration: Предвыравнивание: смещение [16.311 14.481 -8.873] мм
19:35:36 [INFO] core.algorithms.registration: Вычисление FPFH-дескрипторов...
19:35:36 [INFO] core.algorithms.registration: Запуск RANSAC (6 попыток, до 200000 итераций каждая)...
19:35:38 [INFO] core.algorithms.registration:   RANSAC [1/6]: fitness=1.0000, rmse=0.9487
19:35:41 [INFO] core.algorithms.registration:   RANSAC [2/6]: fitness=1.0000, rmse=0.7042
19:35:43 [INFO] core.algorithms.registration:   RANSAC [3/6]: fitness=0.9983, rmse=1.4784
19:35:45 [INFO] core.algorithms.registration:   RANSAC [4/6]: fitness=1.0000, rmse=1.5127
19:35:48 [INFO] core.algorithms.registration:   RANSAC [5/6]: fitness=0.9882, rmse=1.5925
19:35:50 [INFO] core.algorithms.registration:   RANSAC [6/6]: fitness=1.0000, rmse=1.1757
19:35:50 [INFO] core.algorithms.registration: RANSAC лучший: fitness=1.0000
19:35:50 [INFO] core.algorithms.registration: Запуск двухпроходного ICP: грубый=4.230 мм (3.5%), точный=1.571 мм (1.3%)...
19:35:50 [INFO] core.algorithms.registration: ICP проход 1: rmse=0.218853, fitness=1.0000
19:35:50 [INFO] core.algorithms.registration: ICP проход 2: rmse=0.217597, fitness=0.9998
19:35:50 [INFO] core.algorithms.registration: Регистрация завершена: fitness=0.9998, RMSE=0.217597 мм
19:35:50 [INFO] core.worker:    ICP завершён. RMSE совмещения: 0.217597 мм
19:35:50 [INFO] core.worker: ③ Вычисление отклонений (Cloud-to-Mesh)...
19:35:51 [INFO] core.worker:    ⚠ Предупреждение: модель не является замкнутой (watertight). Знак отклонения восстановлен по нормали ближайшей грани.
19:35:51 [INFO] core.algorithms.deviation: Cloud-to-Mesh: вычисление отклонений...
19:35:51 [WARNING] core.algorithms.deviation: Модель не является замкнутой (watertight). Знак отклонения восстанавливается по нормали ближайшей грани.
19:35:52 [INFO] core.algorithms.deviation: Отклонения вычислены. Мин: -2.0743, Макс: 2.1092, Среднее: -0.0032
19:35:52 [INFO] core.worker: ④ Вычисление статистики...
19:35:52 [INFO] core.algorithms.deviation: Статистика: среднее=-0.0032, RMSE=0.0552, макс|отклонение|=2.1092, в допуске=88.3%
19:35:52 [INFO] core.worker: ⑤ Раскраска облака точек по отклонениям...
19:35:52 [INFO] core.worker: ✓ Анализ завершён! Среднее отклонение: -0.0032 мм, в допуске: 88.3%
19:35:52 [INFO] core.project_manager: Результаты анализа сохранены в ProjectManager
19:36:05 [INFO] core.project_manager: Конфиг сохранён: config.json
19:36:05 [INFO] main: Приложение завершено с кодом 0
15:35:53 [INFO] main: ============================================================
15:35:53 [INFO] main: Запуск приложения
15:35:53 [INFO] root: Конфигурация загружена из config.json
15:36:02 [INFO] core.project_manager: ProjectManager инициализирован
15:36:03 [INFO] ui.main_window: Главное окно инициализировано
15:36:03 [INFO] main: Главное окно открыто
15:36:38 [INFO] core.project_manager: Конфиг сохранён: config.json
15:36:38 [INFO] main: Приложение завершено с кодом 0
19:22:57 [INFO] main: ============================================================
19:22:57 [INFO] main: Запуск приложения
19:22:57 [INFO] root: Конфигурация загружена из config.json
19:23:16 [INFO] core.project_manager: ProjectManager инициализирован
19:23:18 [INFO] ui.main_window: Главное окно инициализировано
19:23:18 [INFO] main: Главное окно открыто
19:23:44 [INFO] core.project_manager: Загрузка CAD-модели: C:/module/tests/fixtures/L_shape.stl
19:23:44 [INFO] core.project_manager: CAD: масштаб не применяется (единица: mm)
19:23:44 [INFO] core.project_manager: CAD загружена: 44 вершин, 24 треугольников
19:23:46 [INFO] core.project_manager: Загрузка облака точек: C:/module/tests/fixtures/scan_flipped.ply
19:23:46 [INFO] core.project_manager: Скан: масштаб не применяется (единица: as_is)
19:23:46 [INFO] core.project_manager: Скан загружен: 10,000 точек
19:23:47 [INFO] core.worker: ① Предобработка облака точек...
19:23:47 [INFO] core.algorithms.preprocessing: SOR: начало. Точек до фильтрации: 10,000
19:23:48 [INFO] core.algorithms.preprocessing: SOR: удалено 545 выбросов. Осталось: 9,455 точек
19:23:48 [INFO] core.algorithms.preprocessing: Авто voxel_size = 1.8336 (1.5% от диагонали bbox облака 122.24)
19:23:48 [INFO] core.algorithms.preprocessing: Voxel Grid: начало. voxel_size=1.8336. Точек: 9,455
19:23:48 [INFO] core.algorithms.preprocessing: Voxel Grid: 9,455 → 4,272 точек (уменьшено в 2.2x)
19:23:48 [INFO] core.worker:    Предобработка завершена. Осталось точек: 9,455 (полное), 4,272 (прореженное)
19:23:48 [INFO] core.worker: ② Регистрация (совмещение скана с CAD-моделью)...
19:23:48 [INFO] core.algorithms.registration: Размер модели: [100.  30.  60.] мм, диагональ: 120.42 мм
19:23:48 [INFO] core.algorithms.registration: Адаптивные параметры: voxel=2.408, fpfh_r=6.021, ransac_d=3.612
19:23:48 [INFO] core.algorithms.registration: Пересчитываем прореживание: preprocessing voxel=1.8336, адаптивный voxel=2.4083 (разница > 20%)
19:23:48 [INFO] core.algorithms.registration: Предвыравнивание: смещение [ 26.008   0.143 -17.699] мм
19:23:48 [INFO] core.algorithms.registration: Вычисление FPFH-дескрипторов...
19:23:48 [INFO] core.algorithms.registration: PCA: добавлено 4 гипотез
19:23:48 [INFO] core.algorithms.registration: Запуск RANSAC (6 попыток, до 200000 итераций, top_k=4)...
19:23:49 [INFO] core.algorithms.registration:   RANSAC [1/6]: fitness=0.3766, rmse=1.7218
19:23:50 [INFO] core.algorithms.registration:   RANSAC [2/6]: fitness=0.3635, rmse=1.5515
19:23:52 [INFO] core.algorithms.registration:   RANSAC [3/6]: fitness=0.3740, rmse=2.2650
19:23:53 [INFO] core.algorithms.registration:   RANSAC [4/6]: fitness=0.3758, rmse=2.0549
19:23:54 [INFO] core.algorithms.registration:   RANSAC [5/6]: fitness=0.5400, rmse=1.6879
19:23:55 [INFO] core.algorithms.registration:   RANSAC [6/6]: fitness=0.4607, rmse=1.8977
19:23:55 [INFO] core.algorithms.registration: RANSAC топ-4: fitness=['0.5400', '0.4607', '0.3766', '0.3758']
19:23:55 [INFO] core.algorithms.registration: Пул гипотез: 9 (identity=1 + PCA=4 + RANSAC top-4)
19:23:55 [INFO] core.algorithms.registration:   Гипотеза 0: C2M-RMSE=11.8145 мм
19:23:55 [INFO] core.algorithms.registration:   Гипотеза 1: C2M-RMSE=7.4358 мм
19:23:55 [INFO] core.algorithms.registration:   Гипотеза 2: C2M-RMSE=11.4545 мм
19:23:55 [INFO] core.algorithms.registration:   Гипотеза 3: C2M-RMSE=0.1363 мм
19:23:55 [INFO] core.algorithms.registration:   Гипотеза 4: C2M-RMSE=6.2553 мм
19:23:55 [INFO] core.algorithms.registration:   Гипотеза 5: C2M-RMSE=28.3534 мм
19:23:56 [INFO] core.algorithms.registration:   Гипотеза 6: C2M-RMSE=7.6654 мм
19:23:56 [INFO] core.algorithms.registration:   Гипотеза 7: C2M-RMSE=15.6399 мм
19:23:56 [INFO] core.algorithms.registration:   Гипотеза 8: C2M-RMSE=7.7033 мм
19:23:56 [INFO] core.algorithms.registration: Победитель: C2M-RMSE=0.1363 мм
19:23:56 [INFO] core.algorithms.registration: Финальный ICP от уточнённой матрицы победителя: грубый=4.215 мм (3.5%), точный=1.565 мм (1.3%)...
19:23:56 [INFO] core.algorithms.registration: ICP проход 1: rmse=0.385471, fitness=1.0000
19:23:56 [INFO] core.algorithms.registration: ICP проход 2: rmse=0.385471, fitness=1.0000
19:23:56 [INFO] core.algorithms.registration: Диагностика: сдвиг точного прохода=0.0000 мм, поворот=0.0000°, rmse_coarse=0.1365 мм, rmse_bestfit=0.1365 мм, absorbed_rmse=0.0000 мм, within_tol_coarse=99.1%, absorbed_within_tol=+0.0 п.п.
19:23:56 [INFO] core.algorithms.registration: Режим conservative: возвращаем грубое выравнивание
19:23:56 [INFO] core.algorithms.registration: Регистрация завершена (режим=conservative): fitness=1.0000, RMSE=0.385471 мм
19:23:56 [INFO] core.worker:    ICP завершён. RMSE совмещения: 0.385471 мм
19:23:56 [INFO] core.worker:    Точная регистрация сместила деталь на 0.0000 мм / 0.0000°, разница C2M-RMSE: +0.0000 мм
19:23:56 [INFO] core.worker:    Точная регистрация повысила долю в допуске на +0.0 п.п. (с 99.1% до 99.1%) — мера маскировки
19:23:56 [INFO] core.worker: ③ Вычисление отклонений (Cloud-to-Mesh)...
19:23:56 [INFO] core.worker:    ⚠ Предупреждение: модель не является замкнутой (watertight). Знак отклонения восстановлен по нормали ближайшей грани.
19:23:56 [INFO] core.algorithms.deviation: Cloud-to-Mesh: вычисление отклонений...
19:23:56 [WARNING] core.algorithms.deviation: Модель не является замкнутой (watertight). Знак отклонения эвристический — определяется по нормали ближайшей грани. Надёжен только для замкнутых моделей; флаг ambiguous отмечает точки у рёбер/кромок.
19:23:56 [INFO] core.algorithms.deviation: Отклонения вычислены. Мин: -0.7364, Макс: 0.6602, Среднее: 0.0035
19:23:56 [INFO] core.worker: ④ Вычисление статистики...
19:23:56 [INFO] core.algorithms.deviation: Статистика: среднее=0.0035, RMSE=0.1986, макс|отклонение|=0.7364, в допуске=98.8%, избыток=61, недостаток=55, неоднозначный знак=1
19:23:56 [INFO] core.worker:    Габариты CAD: 114.2 x 66.5 x 30.0 мм  (диаг. 135.5 мм)
19:23:56 [INFO] core.worker:    Габариты скана: 114.7 x 67.0 x 31.2 мм  (диаг. 136.4 мм)
19:23:56 [INFO] core.worker:    Неоднозначный знак: 1 точек (0.0%) — точки у рёбер/кромок
19:23:56 [INFO] core.worker: ⑤ Раскраска облака точек по отклонениям...
19:23:56 [INFO] core.worker: ✓ Анализ завершён! Среднее отклонение: +0.0035 мм, в допуске: 98.8%
19:23:56 [INFO] core.project_manager: Результаты анализа сохранены в ProjectManager
19:24:05 [INFO] core.project_manager: Конфиг сохранён: config.json
19:24:05 [INFO] main: Приложение завершено с кодом 0
19:27:41 [INFO] main: ============================================================
19:27:41 [INFO] main: Запуск приложения
19:27:41 [INFO] root: Конфигурация загружена из config.json
19:27:46 [INFO] core.project_manager: ProjectManager инициализирован
19:27:47 [INFO] ui.main_window: Главное окно инициализировано
19:27:47 [INFO] main: Главное окно открыто
19:39:04 [INFO] core.project_manager: Конфиг сохранён: config.json
19:39:04 [INFO] main: Приложение завершено с кодом 0
22:09:02 [INFO] main: ============================================================
22:09:02 [INFO] main: Запуск приложения
22:09:02 [INFO] root: Конфигурация загружена из config.json
22:09:25 [INFO] core.project_manager: ProjectManager инициализирован
22:09:26 [INFO] ui.main_window: Главное окно инициализировано
22:09:27 [INFO] main: Главное окно открыто
22:09:39 [INFO] core.project_manager: Загрузка CAD-модели: C:/module/tests/fixtures/L_shape.stl
22:09:40 [INFO] core.project_manager: CAD: масштаб не применяется (единица: mm)
22:09:40 [INFO] core.project_manager: CAD загружена: 44 вершин, 24 треугольников
22:09:50 [INFO] core.project_manager: Загрузка CAD-модели: C:/module/tests/fixtures/L_shape.stl
22:09:50 [INFO] core.project_manager: CAD: масштаб не применяется (единица: mm)
22:09:50 [INFO] core.project_manager: CAD загружена: 44 вершин, 24 треугольников
22:09:53 [INFO] core.project_manager: Конфиг сохранён: config.json
22:09:53 [INFO] main: Приложение завершено с кодом 0
22:09:56 [INFO] main: ============================================================
22:09:56 [INFO] main: Запуск приложения
22:09:56 [INFO] root: Конфигурация загружена из config.json
22:10:02 [INFO] core.project_manager: ProjectManager инициализирован
22:10:02 [INFO] ui.main_window: Главное окно инициализировано
22:10:02 [INFO] main: Главное окно открыто
22:10:06 [INFO] core.project_manager: Загрузка CAD-модели: C:/module/tests/fixtures/L_shape.stl
22:10:06 [INFO] core.project_manager: CAD: масштаб не применяется (единица: mm)
22:10:06 [INFO] core.project_manager: CAD загружена: 44 вершин, 24 треугольников
22:10:15 [INFO] core.project_manager: Конфиг сохранён: config.json
22:10:15 [INFO] main: Приложение завершено с кодом 0
22:15:30 [INFO] main: ============================================================
22:15:30 [INFO] main: Запуск приложения
22:15:30 [INFO] root: Конфигурация загружена из config.json
22:15:38 [INFO] core.project_manager: ProjectManager инициализирован
22:15:38 [INFO] ui.main_window: Главное окно инициализировано
22:15:38 [INFO] main: Главное окно открыто
22:15:49 [INFO] core.project_manager: Загрузка CAD-модели: C:/module/tests/fixtures/L_shape.stl
22:15:49 [INFO] core.project_manager: CAD: масштаб не применяется (единица: mm)
22:15:49 [INFO] core.project_manager: CAD загружена: 44 вершин, 24 треугольников
22:15:58 [INFO] core.project_manager: Загрузка облака точек: C:/module/tests/fixtures/scan_correct.ply
22:15:58 [INFO] core.project_manager: Скан: масштаб не применяется (единица: as_is)
22:15:58 [INFO] core.project_manager: Скан загружен: 10,000 точек
22:15:59 [INFO] core.worker: ① Предобработка облака точек...
22:15:59 [INFO] core.algorithms.preprocessing: SOR: начало. Точек до фильтрации: 10,000
22:15:59 [INFO] core.algorithms.preprocessing: SOR: удалено 545 выбросов. Осталось: 9,455 точек
22:15:59 [INFO] core.algorithms.preprocessing: Авто voxel_size = 1.8336 (1.5% от диагонали bbox облака 122.24)
22:15:59 [INFO] core.algorithms.preprocessing: Voxel Grid: начало. voxel_size=1.8336. Точек: 9,455
22:15:59 [INFO] core.algorithms.preprocessing: Voxel Grid: 9,455 → 4,388 точек (уменьшено в 2.2x)
22:15:59 [INFO] core.worker:    Предобработка завершена. Осталось точек: 9,455 (полное), 4,388 (прореженное)
22:15:59 [INFO] core.worker: ② Регистрация (совмещение скана с CAD-моделью)...
22:15:59 [INFO] core.algorithms.registration: Размер модели: [100.  30.  60.] мм, диагональ: 120.42 мм
22:15:59 [INFO] core.algorithms.registration: Адаптивные параметры: voxel=2.408, fpfh_r=6.021, ransac_d=3.612
22:15:59 [INFO] core.algorithms.registration: Пересчитываем прореживание: preprocessing voxel=1.8336, адаптивный voxel=2.4083 (разница > 20%)
22:16:00 [INFO] core.algorithms.registration: Предвыравнивание: смещение [-0.064  0.141 -0.064] мм
22:16:00 [INFO] core.algorithms.registration: Вычисление FPFH-дескрипторов...
22:16:01 [INFO] core.algorithms.registration: PCA: добавлено 4 гипотез
22:16:01 [INFO] core.algorithms.registration: Запуск RANSAC (6 попыток, до 200000 итераций, top_k=4)...
22:16:03 [INFO] core.algorithms.registration:   RANSAC [1/6]: fitness=0.4817, rmse=1.8424
22:16:04 [INFO] core.algorithms.registration:   RANSAC [2/6]: fitness=0.3658, rmse=2.0073
22:16:06 [INFO] core.algorithms.registration:   RANSAC [3/6]: fitness=0.3624, rmse=2.2414
22:16:08 [INFO] core.algorithms.registration:   RANSAC [4/6]: fitness=0.4014, rmse=2.0516
22:16:10 [INFO] core.algorithms.registration:   RANSAC [5/6]: fitness=0.3316, rmse=1.9362
22:16:11 [INFO] core.algorithms.registration:   RANSAC [6/6]: fitness=0.3949, rmse=1.8131
22:16:11 [INFO] core.algorithms.registration: RANSAC топ-4: fitness=['0.4817', '0.4014', '0.3949', '0.3658']
22:16:11 [INFO] core.algorithms.registration: Пул гипотез: 9 (identity=1 + PCA=4 + RANSAC top-4)
22:16:11 [INFO] core.algorithms.registration:   Гипотеза 0: C2M-RMSE=0.1560 мм
22:16:11 [INFO] core.algorithms.registration:   Гипотеза 1: C2M-RMSE=6.1291 мм
22:16:12 [INFO] core.algorithms.registration:   Гипотеза 2: C2M-RMSE=0.1560 мм
22:16:12 [INFO] core.algorithms.registration:   Гипотеза 3: C2M-RMSE=11.0527 мм
22:16:12 [INFO] core.algorithms.registration:   Гипотеза 4: C2M-RMSE=7.4963 мм
22:16:12 [INFO] core.algorithms.registration:   Гипотеза 5: C2M-RMSE=28.9565 мм
22:16:12 [INFO] core.algorithms.registration:   Гипотеза 6: C2M-RMSE=0.1560 мм
22:16:12 [INFO] core.algorithms.registration:   Гипотеза 7: C2M-RMSE=28.3503 мм
22:16:12 [INFO] core.algorithms.registration:   Гипотеза 8: C2M-RMSE=0.1560 мм
22:16:12 [INFO] core.algorithms.registration: Победитель: C2M-RMSE=0.1560 мм
22:16:12 [INFO] core.algorithms.registration: Финальный ICP от уточнённой матрицы победителя: грубый=4.215 мм (3.5%), точный=1.565 мм (1.3%)...
22:16:12 [INFO] core.algorithms.registration: ICP проход 1: rmse=0.382957, fitness=1.0000
22:16:12 [INFO] core.algorithms.registration: ICP проход 2: rmse=0.382957, fitness=1.0000
22:16:12 [INFO] core.algorithms.registration: Диагностика: сдвиг точного прохода=0.0000 мм, поворот=0.0000°, rmse_coarse=0.1576 мм, rmse_bestfit=0.1576 мм, absorbed_rmse=0.0000 мм, within_tol_coarse=98.7%, absorbed_within_tol=+0.0 п.п.
22:16:12 [INFO] core.algorithms.registration: Режим conservative: возвращаем грубое выравнивание
22:16:12 [INFO] core.algorithms.registration: Регистрация завершена (режим=conservative): fitness=1.0000, RMSE=0.382957 мм
22:16:12 [INFO] core.worker:    ICP завершён. RMSE совмещения: 0.382957 мм
22:16:12 [INFO] core.worker:    Точная регистрация сместила деталь на 0.0000 мм / 0.0000°, разница C2M-RMSE: +0.0000 мм
22:16:12 [INFO] core.worker:    Точная регистрация повысила долю в допуске на +0.0 п.п. (с 98.7% до 98.7%) — мера маскировки
22:16:12 [INFO] core.worker: ③ Вычисление отклонений (Cloud-to-Mesh)...
22:16:12 [INFO] core.worker:    ⚠ Предупреждение: модель не является замкнутой (watertight). Знак отклонения восстановлен по нормали ближайшей грани.
22:16:12 [INFO] core.algorithms.deviation: Cloud-to-Mesh: вычисление отклонений...
22:16:12 [WARNING] core.algorithms.deviation: Модель не является замкнутой (watertight). Знак отклонения эвристический — определяется по нормали ближайшей грани. Надёжен только для замкнутых моделей; флаг ambiguous отмечает точки у рёбер/кромок.
22:16:12 [INFO] core.algorithms.deviation: Отклонения вычислены. Мин: -0.7375, Макс: 0.6609, Среднее: 0.0035
22:16:12 [INFO] core.worker: ④ Вычисление статистики...
22:16:12 [INFO] core.algorithms.deviation: Статистика: среднее=0.0035, RMSE=0.1986, макс|отклонение|=0.7375, в допуске=98.8%, избыток=61, недостаток=56, неоднозначный знак=2
22:16:12 [INFO] core.worker:    Габариты CAD: 114.2 x 66.5 x 30.0 мм  (диаг. 135.5 мм)
22:16:12 [INFO] core.worker:    Габариты скана: 114.7 x 67.0 x 31.2 мм  (диаг. 136.4 мм)
22:16:12 [INFO] core.worker:    Неоднозначный знак: 2 точек (0.0%) — точки у рёбер/кромок
22:16:12 [INFO] core.worker: ⑤ Раскраска облака точек по отклонениям...
22:16:12 [INFO] core.worker: ✓ Анализ завершён! Среднее отклонение: +0.0035 мм, в допуске: 98.8%
22:16:12 [INFO] core.project_manager: Результаты анализа сохранены в ProjectManager
22:16:41 [INFO] core.project_manager: Конфиг сохранён: config.json
22:16:41 [INFO] main: Приложение завершено с кодом 0
23:32:08 [INFO] main: ============================================================
23:32:08 [INFO] main: Запуск приложения
23:32:08 [INFO] root: Конфигурация загружена из config.json
23:32:25 [INFO] core.project_manager: ProjectManager инициализирован
23:32:27 [INFO] ui.main_window: Главное окно инициализировано
23:32:27 [INFO] main: Главное окно открыто
23:32:36 [INFO] core.project_manager: Загрузка CAD-модели: C:/module/tests/fixtures/L_shape.stl
23:32:36 [INFO] core.project_manager: CAD: масштаб не применяется (единица: mm)
23:32:36 [INFO] core.project_manager: CAD загружена: 44 вершин, 24 треугольников
23:32:53 [INFO] core.project_manager: Конфиг сохранён: config.json
23:32:53 [INFO] main: Приложение завершено с кодом 0
23:34:22 [INFO] main: ============================================================
23:34:22 [INFO] main: Запуск приложения
23:34:22 [INFO] root: Конфигурация загружена из config.json
23:34:32 [INFO] core.project_manager: ProjectManager инициализирован
23:34:33 [INFO] ui.main_window: Главное окно инициализировано
23:34:33 [INFO] main: Главное окно открыто
23:39:13 [INFO] core.project_manager: Конфиг сохранён: config.json
23:39:13 [INFO] main: Приложение завершено с кодом 0
23:42:50 [INFO] main: ============================================================
23:42:50 [INFO] main: Запуск приложения
23:42:50 [INFO] root: Конфигурация загружена из config.json
23:42:59 [INFO] core.project_manager: ProjectManager инициализирован
23:43:00 [INFO] ui.main_window: Главное окно инициализировано
23:43:00 [INFO] main: Главное окно открыто
23:43:04 [INFO] core.project_manager: Загрузка CAD-модели: C:/module/tests/fixtures/L_shape.stl
23:43:04 [INFO] core.project_manager: CAD: масштаб не применяется (единица: mm)
23:43:04 [INFO] core.project_manager: CAD загружена: 44 вершин, 24 треугольников
23:43:47 [INFO] core.project_manager: Конфиг сохранён: config.json
23:43:47 [INFO] main: Приложение завершено с кодом 0
23:44:34 [INFO] main: ============================================================
23:44:34 [INFO] main: Запуск приложения
23:44:34 [INFO] root: Конфигурация загружена из config.json
23:44:46 [INFO] core.project_manager: ProjectManager инициализирован
23:44:48 [INFO] ui.main_window: Главное окно инициализировано
23:44:48 [INFO] main: Главное окно открыто
23:44:52 [INFO] core.project_manager: Загрузка CAD-модели: C:/module/tests/fixtures/L_shape.stl
23:44:52 [INFO] core.project_manager: CAD: масштаб не применяется (единица: mm)
23:44:52 [INFO] core.project_manager: CAD загружена: 44 вершин, 24 треугольников
23:45:01 [INFO] core.project_manager: Загрузка CAD-модели: C:/module/tests/fixtures/L_shape.stl
23:45:01 [INFO] core.project_manager: CAD: масштаб не применяется (единица: mm)
23:45:01 [INFO] core.project_manager: CAD загружена: 44 вершин, 24 треугольников
23:45:05 [INFO] core.project_manager: Конфиг сохранён: config.json
23:45:05 [INFO] main: Приложение завершено с кодом 0
23:45:07 [INFO] main: ============================================================
23:45:07 [INFO] main: Запуск приложения
23:45:07 [INFO] root: Конфигурация загружена из config.json
23:45:16 [INFO] core.project_manager: ProjectManager инициализирован
23:45:17 [INFO] ui.main_window: Главное окно инициализировано
23:45:17 [INFO] main: Главное окно открыто
23:45:21 [INFO] core.project_manager: Загрузка CAD-модели: C:/module/tests/fixtures/L_shape.stl
23:45:21 [INFO] core.project_manager: CAD: масштаб не применяется (единица: mm)
23:45:21 [INFO] core.project_manager: CAD загружена: 44 вершин, 24 треугольников
23:45:32 [INFO] core.project_manager: Конфиг сохранён: config.json
23:45:32 [INFO] main: Приложение завершено с кодом 0
00:09:54 [INFO] main: ============================================================
00:09:54 [INFO] main: Запуск приложения
00:09:54 [INFO] root: Конфигурация загружена из config.json
00:10:03 [INFO] core.project_manager: ProjectManager инициализирован
00:10:05 [INFO] ui.main_window: Главное окно инициализировано
00:10:06 [INFO] main: Главное окно открыто
00:11:52 [INFO] core.project_manager: Загрузка CAD-модели: C:/module/tests/fixtures/L_shape.stl
00:11:52 [INFO] core.project_manager: CAD: масштаб не применяется (единица: mm)
00:11:52 [INFO] core.project_manager: CAD загружена: 44 вершин, 24 треугольников
00:13:28 [INFO] core.project_manager: Конфиг сохранён: config.json
00:13:28 [INFO] main: Приложение завершено с кодом 0
00:30:27 [INFO] main: ============================================================
00:30:27 [INFO] main: Запуск приложения
00:30:27 [INFO] root: Конфигурация загружена из config.json
00:30:37 [INFO] core.project_manager: ProjectManager инициализирован
00:30:38 [INFO] ui.main_window: Главное окно инициализировано
00:30:38 [INFO] main: Главное окно открыто
00:30:43 [INFO] core.project_manager: Загрузка CAD-модели: C:/module/tests/fixtures/L_shape.stl
00:30:43 [INFO] core.project_manager: CAD: масштаб не применяется (единица: mm)
00:30:43 [INFO] core.project_manager: CAD загружена: 44 вершин, 24 треугольников
00:30:43 [WARNING] ui.viewer_widget: reset_camera CALLED  pos=(184.3065358421408, 149.3065358421408, 164.3065358421408)  fp=(50.0, 15.0, 30.0)
  File "c:\module\main.py", line 390, in <module>
    main()
  File "c:\module\main.py", line 384, in main
    exit_code = app.exec()
  File "c:\module\ui\main_window.py", line 306, in load_cad
    self._load_cad_from_path(path)
  File "c:\module\ui\main_window.py", line 339, in _load_cad_from_path
    QApplication.processEvents()   # дать Qt обновить UI после загрузки
  File "c:\module\ui\viewer_widget.py", line 622, in _render
    self.plotter.reset_camera()
  File "c:\module\ui\viewer_widget.py", line 326, in _traced_reset
    "".join(traceback.format_stack(limit=8)),

00:30:53 [INFO] core.project_manager: Конфиг сохранён: config.json
00:30:53 [INFO] main: Приложение завершено с кодом 0
00:31:04 [INFO] main: ============================================================
00:31:04 [INFO] main: Запуск приложения
00:31:04 [INFO] root: Конфигурация загружена из config.json
00:31:13 [INFO] core.project_manager: ProjectManager инициализирован
00:31:14 [INFO] ui.main_window: Главное окно инициализировано
00:31:15 [INFO] main: Главное окно открыто
00:31:19 [INFO] core.project_manager: Загрузка CAD-модели: C:/module/tests/fixtures/L_shape.stl
00:31:19 [INFO] core.project_manager: CAD: масштаб не применяется (единица: mm)
00:31:19 [INFO] core.project_manager: CAD загружена: 44 вершин, 24 треугольников
00:31:19 [WARNING] ui.viewer_widget: reset_camera CALLED  pos=(184.3065358421408, 149.3065358421408, 164.3065358421408)  fp=(50.0, 15.0, 30.0)
  File "c:\module\main.py", line 390, in <module>
    main()
  File "c:\module\main.py", line 384, in main
    exit_code = app.exec()
  File "c:\module\ui\main_window.py", line 306, in load_cad
    self._load_cad_from_path(path)
  File "c:\module\ui\main_window.py", line 339, in _load_cad_from_path
    QApplication.processEvents()   # дать Qt обновить UI после загрузки
  File "c:\module\ui\viewer_widget.py", line 622, in _render
    self.plotter.reset_camera()
  File "c:\module\ui\viewer_widget.py", line 326, in _traced_reset
    "".join(traceback.format_stack(limit=8)),

00:31:30 [INFO] core.project_manager: Конфиг сохранён: config.json
00:31:30 [INFO] main: Приложение завершено с кодом 0
00:33:01 [INFO] main: ============================================================
00:33:01 [INFO] main: Запуск приложения
00:33:01 [INFO] root: Конфигурация загружена из config.json
00:33:10 [INFO] core.project_manager: ProjectManager инициализирован
00:33:11 [INFO] ui.main_window: Главное окно инициализировано
00:33:11 [INFO] main: Главное окно открыто
00:33:15 [INFO] core.project_manager: Загрузка CAD-модели: C:/module/tests/fixtures/L_shape.stl
00:33:15 [INFO] core.project_manager: CAD: масштаб не применяется (единица: mm)
00:33:15 [INFO] core.project_manager: CAD загружена: 44 вершин, 24 треугольников
00:33:30 [INFO] core.project_manager: Загрузка облака точек: C:/module/tests/fixtures/scan_correct.ply
00:33:30 [INFO] core.project_manager: Скан: масштаб не применяется (единица: as_is)
00:33:30 [INFO] core.project_manager: Скан загружен: 10,000 точек
00:33:31 [INFO] core.worker: ① Предобработка облака точек...
00:33:31 [INFO] core.algorithms.preprocessing: SOR: начало. Точек до фильтрации: 10,000
00:33:31 [INFO] core.algorithms.preprocessing: SOR: удалено 545 выбросов. Осталось: 9,455 точек
00:33:31 [INFO] core.algorithms.preprocessing: Авто voxel_size = 1.8336 (1.5% от диагонали bbox облака 122.24)
00:33:31 [INFO] core.algorithms.preprocessing: Voxel Grid: начало. voxel_size=1.8336. Точек: 9,455
00:33:31 [INFO] core.algorithms.preprocessing: Voxel Grid: 9,455 → 4,388 точек (уменьшено в 2.2x)
00:33:31 [INFO] core.worker:    Предобработка завершена. Осталось точек: 9,455 (полное), 4,388 (прореженное)
00:33:31 [INFO] core.worker: ② Регистрация (совмещение скана с CAD-моделью)...
00:33:31 [INFO] core.algorithms.registration: Размер модели: [100.  30.  60.] мм, диагональ: 120.42 мм
00:33:31 [INFO] core.algorithms.registration: Адаптивные параметры: voxel=2.408, fpfh_r=6.021, ransac_d=3.612
00:33:31 [INFO] core.algorithms.registration: Пересчитываем прореживание: preprocessing voxel=1.8336, адаптивный voxel=2.4083 (разница > 20%)
00:33:31 [INFO] core.algorithms.registration: Предвыравнивание: смещение [ 0.063  0.093 -0.082] мм
00:33:31 [INFO] core.algorithms.registration: Вычисление FPFH-дескрипторов...
00:33:32 [INFO] core.algorithms.registration: PCA: добавлено 4 гипотез
00:33:32 [INFO] core.algorithms.registration: Запуск RANSAC (6 попыток, до 200000 итераций, top_k=4)...
00:33:34 [INFO] core.algorithms.registration:   RANSAC [1/6]: fitness=0.3781, rmse=1.9339
00:33:37 [INFO] core.algorithms.registration:   RANSAC [2/6]: fitness=0.5761, rmse=1.9779
00:33:40 [INFO] core.algorithms.registration:   RANSAC [3/6]: fitness=0.3658, rmse=2.0779
00:33:42 [INFO] core.algorithms.registration:   RANSAC [4/6]: fitness=0.3258, rmse=1.9320
00:33:45 [INFO] core.algorithms.registration:   RANSAC [5/6]: fitness=0.5576, rmse=2.0448
00:33:48 [INFO] core.algorithms.registration:   RANSAC [6/6]: fitness=0.3422, rmse=1.9549
00:33:48 [INFO] core.algorithms.registration: RANSAC топ-4: fitness=['0.5761', '0.5576', '0.3781', '0.3658']
00:33:48 [INFO] core.algorithms.registration: Пул гипотез: 9 (identity=1 + PCA=4 + RANSAC top-4)
00:33:48 [INFO] core.algorithms.registration:   Гипотеза 0: C2M-RMSE=0.1561 мм
00:33:48 [INFO] core.algorithms.registration:   Гипотеза 1: C2M-RMSE=0.1561 мм
00:33:48 [INFO] core.algorithms.registration:   Гипотеза 2: C2M-RMSE=6.1313 мм
00:33:48 [INFO] core.algorithms.registration:   Гипотеза 3: C2M-RMSE=7.4181 мм
00:33:48 [INFO] core.algorithms.registration:   Гипотеза 4: C2M-RMSE=9.6286 мм
00:33:48 [INFO] core.algorithms.registration:   Гипотеза 5: C2M-RMSE=0.1561 мм
00:33:48 [INFO] core.algorithms.registration:   Гипотеза 6: C2M-RMSE=0.1561 мм
00:33:48 [INFO] core.algorithms.registration:   Гипотеза 7: C2M-RMSE=30.7416 мм
00:33:48 [INFO] core.algorithms.registration:   Гипотеза 8: C2M-RMSE=5.8565 мм
00:33:48 [INFO] core.algorithms.registration: Победитель: C2M-RMSE=0.1561 мм
00:33:48 [INFO] core.algorithms.registration: Финальный ICP от уточнённой матрицы победителя: грубый=4.215 мм (3.5%), точный=1.565 мм (1.3%)...
00:33:48 [INFO] core.algorithms.registration: ICP проход 1: rmse=0.380551, fitness=1.0000
00:33:48 [INFO] core.algorithms.registration: ICP проход 2: rmse=0.380551, fitness=1.0000
00:33:48 [INFO] core.algorithms.registration: Диагностика: сдвиг точного прохода=0.0000 мм, поворот=0.0000°, rmse_coarse=0.1575 мм, rmse_bestfit=0.1575 мм, absorbed_rmse=0.0000 мм, within_tol_coarse=98.7%, absorbed_within_tol=+0.0 п.п.
00:33:48 [INFO] core.algorithms.registration: Регистрация завершена (режим=best_fit): fitness=1.0000, RMSE=0.380551 мм
00:33:48 [INFO] core.worker:    ICP завершён. RMSE совмещения: 0.380551 мм
00:33:48 [INFO] core.worker:    Точная регистрация сместила деталь на 0.0000 мм / 0.0000°, разница C2M-RMSE: +0.0000 мм
00:33:48 [INFO] core.worker:    Точная регистрация повысила долю в допуске на +0.0 п.п. (с 98.7% до 98.7%) — мера маскировки
00:33:48 [INFO] core.worker: ③ Вычисление отклонений (Cloud-to-Mesh)...
00:33:48 [INFO] core.worker:    ⚠ Предупреждение: модель не является замкнутой (watertight). Знак отклонения восстановлен по нормали ближайшей грани.
00:33:48 [INFO] core.algorithms.deviation: Cloud-to-Mesh: вычисление отклонений...
00:33:48 [WARNING] core.algorithms.deviation: Модель не является замкнутой (watertight). Знак отклонения эвристический — определяется по нормали ближайшей грани. Надёжен только для замкнутых моделей; флаг ambiguous отмечает точки у рёбер/кромок.
00:33:48 [INFO] core.algorithms.deviation: Отклонения вычислены. Мин: -0.7379, Макс: 0.6607, Среднее: 0.0035
00:33:48 [INFO] core.worker: ④ Вычисление статистики...
00:33:49 [INFO] core.algorithms.deviation: Статистика: среднее=0.0035, RMSE=0.1986, макс|отклонение|=0.7379, в допуске=98.8%, избыток=61, недостаток=56, неоднозначный знак=1
00:33:49 [INFO] core.worker:    Габариты CAD: 114.2 x 66.5 x 30.0 мм  (диаг. 135.5 мм)
00:33:49 [INFO] core.worker:    Габариты скана: 114.7 x 67.0 x 31.2 мм  (диаг. 136.4 мм)
00:33:49 [INFO] core.worker:    Неоднозначный знак: 1 точек (0.0%) — точки у рёбер/кромок
00:33:49 [INFO] core.worker: ⑤ Раскраска облака точек по отклонениям...
00:33:49 [INFO] core.worker: ✓ Анализ завершён! Среднее отклонение: +0.0035 мм, в допуске: 98.8%
00:33:49 [INFO] core.project_manager: Результаты анализа сохранены в ProjectManager
00:33:58 [INFO] core.worker: ① Предобработка облака точек...
00:33:58 [INFO] core.algorithms.preprocessing: SOR: начало. Точек до фильтрации: 10,000
00:33:58 [INFO] core.algorithms.preprocessing: SOR: удалено 545 выбросов. Осталось: 9,455 точек
00:33:58 [INFO] core.algorithms.preprocessing: Авто voxel_size = 1.8336 (1.5% от диагонали bbox облака 122.24)
00:33:58 [INFO] core.algorithms.preprocessing: Voxel Grid: начало. voxel_size=1.8336. Точек: 9,455
00:33:58 [INFO] core.algorithms.preprocessing: Voxel Grid: 9,455 → 4,388 точек (уменьшено в 2.2x)
00:33:58 [INFO] core.worker:    Предобработка завершена. Осталось точек: 9,455 (полное), 4,388 (прореженное)
00:33:58 [INFO] core.worker: ② Регистрация (совмещение скана с CAD-моделью)...
00:33:58 [INFO] core.algorithms.registration: Размер модели: [100.  30.  60.] мм, диагональ: 120.42 мм
00:33:58 [INFO] core.algorithms.registration: Адаптивные параметры: voxel=2.408, fpfh_r=6.021, ransac_d=3.612
00:33:58 [INFO] core.algorithms.registration: Пересчитываем прореживание: preprocessing voxel=1.8336, адаптивный voxel=2.4083 (разница > 20%)
00:33:59 [INFO] core.algorithms.registration: Предвыравнивание: смещение [-0.013  0.189 -0.127] мм
00:33:59 [INFO] core.algorithms.registration: Вычисление FPFH-дескрипторов...
00:34:00 [INFO] core.algorithms.registration: PCA: добавлено 4 гипотез
00:34:00 [INFO] core.algorithms.registration: Запуск RANSAC (6 попыток, до 200000 итераций, top_k=4)...
00:34:03 [INFO] core.algorithms.registration:   RANSAC [1/6]: fitness=0.6612, rmse=1.8637
00:34:06 [INFO] core.algorithms.registration:   RANSAC [2/6]: fitness=0.4150, rmse=2.1065
00:34:10 [INFO] core.algorithms.registration:   RANSAC [3/6]: fitness=0.4120, rmse=1.4778
00:34:12 [INFO] core.algorithms.registration:   RANSAC [4/6]: fitness=0.4417, rmse=1.9267
00:34:15 [INFO] core.algorithms.registration:   RANSAC [5/6]: fitness=0.4738, rmse=1.9248
00:34:18 [INFO] core.algorithms.registration:   RANSAC [6/6]: fitness=0.7915, rmse=2.0127
00:34:18 [INFO] core.algorithms.registration: RANSAC топ-4: fitness=['0.7915', '0.6612', '0.4738', '0.4417']
00:34:18 [INFO] core.algorithms.registration: Пул гипотез: 9 (identity=1 + PCA=4 + RANSAC top-4)
00:34:18 [INFO] core.algorithms.registration:   Гипотеза 0: C2M-RMSE=0.1561 мм
00:34:18 [INFO] core.algorithms.registration:   Гипотеза 1: C2M-RMSE=0.1561 мм
00:34:18 [INFO] core.algorithms.registration:   Гипотеза 2: C2M-RMSE=6.1304 мм
00:34:18 [INFO] core.algorithms.registration:   Гипотеза 3: C2M-RMSE=7.5168 мм
00:34:18 [INFO] core.algorithms.registration:   Гипотеза 4: C2M-RMSE=11.0268 мм
00:34:18 [INFO] core.algorithms.registration:   Гипотеза 5: C2M-RMSE=0.1561 мм
00:34:18 [INFO] core.algorithms.registration:   Гипотеза 6: C2M-RMSE=0.1561 мм
00:34:18 [INFO] core.algorithms.registration:   Гипотеза 7: C2M-RMSE=0.1561 мм
00:34:18 [INFO] core.algorithms.registration:   Гипотеза 8: C2M-RMSE=0.1561 мм
00:34:18 [INFO] core.algorithms.registration: Победитель: C2M-RMSE=0.1561 мм
00:34:18 [INFO] core.algorithms.registration: Финальный ICP от уточнённой матрицы победителя: грубый=4.215 мм (3.5%), точный=1.565 мм (1.3%)...
00:34:19 [INFO] core.algorithms.registration: ICP проход 1: rmse=0.383549, fitness=1.0000
00:34:19 [INFO] core.algorithms.registration: ICP проход 2: rmse=0.383549, fitness=1.0000
00:34:19 [INFO] core.algorithms.registration: Диагностика: сдвиг точного прохода=0.0000 мм, поворот=0.0000°, rmse_coarse=0.1576 мм, rmse_bestfit=0.1576 мм, absorbed_rmse=0.0000 мм, within_tol_coarse=98.7%, absorbed_within_tol=+0.0 п.п.
00:34:19 [INFO] core.algorithms.registration: Регистрация завершена (режим=best_fit): fitness=1.0000, RMSE=0.383549 мм
00:34:19 [INFO] core.worker:    ICP завершён. RMSE совмещения: 0.383549 мм
00:34:19 [INFO] core.worker:    Точная регистрация сместила деталь на 0.0000 мм / 0.0000°, разница C2M-RMSE: +0.0000 мм
00:34:19 [INFO] core.worker:    Точная регистрация повысила долю в допуске на +0.0 п.п. (с 98.7% до 98.7%) — мера маскировки
00:34:19 [INFO] core.worker: ③ Вычисление отклонений (Cloud-to-Mesh)...
00:34:19 [INFO] core.worker:    ⚠ Предупреждение: модель не является замкнутой (watertight). Знак отклонения восстановлен по нормали ближайшей грани.
00:34:19 [INFO] core.algorithms.deviation: Cloud-to-Mesh: вычисление отклонений...
00:34:19 [WARNING] core.algorithms.deviation: Модель не является замкнутой (watertight). Знак отклонения эвристический — определяется по нормали ближайшей грани. Надёжен только для замкнутых моделей; флаг ambiguous отмечает точки у рёбер/кромок.
00:34:19 [INFO] core.algorithms.deviation: Отклонения вычислены. Мин: -0.7388, Макс: 0.6602, Среднее: 0.0034
00:34:19 [INFO] core.worker: ④ Вычисление статистики...
00:34:19 [INFO] core.algorithms.deviation: Статистика: среднее=0.0034, RMSE=0.1986, макс|отклонение|=0.7388, в допуске=98.8%, избыток=61, недостаток=56, неоднозначный знак=2
00:34:19 [INFO] core.worker:    Габариты CAD: 114.2 x 66.5 x 30.0 мм  (диаг. 135.5 мм)
00:34:19 [INFO] core.worker:    Габариты скана: 114.7 x 67.0 x 31.2 мм  (диаг. 136.4 мм)
00:34:19 [INFO] core.worker:    Неоднозначный знак: 2 точек (0.0%) — точки у рёбер/кромок
00:34:19 [INFO] core.worker: ⑤ Раскраска облака точек по отклонениям...
00:34:19 [INFO] core.worker: ✓ Анализ завершён! Среднее отклонение: +0.0034 мм, в допуске: 98.8%
00:34:19 [INFO] core.project_manager: Результаты анализа сохранены в ProjectManager
00:34:34 [INFO] core.project_manager: Конфиг сохранён: config.json
00:34:34 [INFO] main: Приложение завершено с кодом 0
12:41:07 [INFO] main: ============================================================
12:41:07 [INFO] main: Запуск приложения
12:41:07 [INFO] root: Конфигурация загружена из config.json
12:41:38 [INFO] core.project_manager: ProjectManager инициализирован
12:41:40 [INFO] ui.main_window: Главное окно инициализировано
12:41:40 [INFO] main: Главное окно открыто
12:42:31 [INFO] core.project_manager: Загрузка CAD-модели: C:/module/tests/fixtures/L_shape.stl
12:42:31 [INFO] core.project_manager: CAD: масштаб не применяется (единица: mm)
12:42:31 [INFO] core.project_manager: CAD загружена: 44 вершин, 24 треугольников
12:42:39 [INFO] core.project_manager: Загрузка облака точек: C:/module/tests/fixtures/scan_correct.ply
12:42:39 [INFO] core.project_manager: Скан: масштаб не применяется (единица: as_is)
12:42:39 [INFO] core.project_manager: Скан загружен: 10,000 точек
12:42:41 [INFO] core.worker: ① Предобработка облака точек...
12:42:41 [INFO] core.algorithms.preprocessing: SOR: начало. Точек до фильтрации: 10,000
12:42:42 [INFO] core.algorithms.preprocessing: SOR: удалено 545 выбросов. Осталось: 9,455 точек
12:42:42 [INFO] core.algorithms.preprocessing: Авто voxel_size = 1.8336 (1.5% от диагонали bbox облака 122.24)
12:42:42 [INFO] core.algorithms.preprocessing: Voxel Grid: начало. voxel_size=1.8336. Точек: 9,455
12:42:42 [INFO] core.algorithms.preprocessing: Voxel Grid: 9,455 → 4,388 точек (уменьшено в 2.2x)
12:42:42 [INFO] core.worker:    Предобработка завершена. Осталось точек: 9,455 (полное), 4,388 (прореженное)
12:42:42 [INFO] core.worker: ② Регистрация (совмещение скана с CAD-моделью)...
12:42:42 [INFO] core.algorithms.registration: Размер модели: [100.  30.  60.] мм, диагональ: 120.42 мм
12:42:42 [INFO] core.algorithms.registration: Адаптивные параметры: voxel=2.408, fpfh_r=6.021, ransac_d=3.612
12:42:42 [INFO] core.algorithms.registration: Пересчитываем прореживание: preprocessing voxel=1.8336, адаптивный voxel=2.4083 (разница > 20%)
12:42:42 [INFO] core.algorithms.registration: Предвыравнивание: смещение [-0.081  0.168 -0.008] мм
12:42:42 [INFO] core.algorithms.registration: Вычисление FPFH-дескрипторов...
12:42:43 [INFO] core.algorithms.registration: PCA: добавлено 4 гипотез
12:42:43 [INFO] core.algorithms.registration: Запуск RANSAC (6 попыток, до 200000 итераций, top_k=4)...
12:42:45 [INFO] core.algorithms.registration:   RANSAC [1/6]: fitness=0.4759, rmse=2.0787
12:42:48 [INFO] core.algorithms.registration:   RANSAC [2/6]: fitness=0.4838, rmse=1.8135
12:42:51 [INFO] core.algorithms.registration:   RANSAC [3/6]: fitness=0.5381, rmse=1.8330
12:42:54 [INFO] core.algorithms.registration:   RANSAC [4/6]: fitness=0.5672, rmse=1.4002
12:42:57 [INFO] core.algorithms.registration:   RANSAC [5/6]: fitness=0.4277, rmse=1.9354
12:43:00 [INFO] core.algorithms.registration:   RANSAC [6/6]: fitness=0.4687, rmse=2.0880
12:43:00 [INFO] core.algorithms.registration: RANSAC топ-4: fitness=['0.5672', '0.5381', '0.4838', '0.4759']
12:43:00 [INFO] core.algorithms.registration: Пул гипотез: 9 (identity=1 + PCA=4 + RANSAC top-4)
12:43:00 [INFO] core.algorithms.registration:   Гипотеза 0: C2M-RMSE=0.1561 мм
12:43:00 [INFO] core.algorithms.registration:   Гипотеза 1: C2M-RMSE=6.1400 мм
12:43:00 [INFO] core.algorithms.registration:   Гипотеза 2: C2M-RMSE=0.1561 мм
12:43:00 [INFO] core.algorithms.registration:   Гипотеза 3: C2M-RMSE=9.6273 мм
12:43:01 [INFO] core.algorithms.registration:   Гипотеза 4: C2M-RMSE=7.1337 мм
12:43:01 [INFO] core.algorithms.registration:   Гипотеза 5: C2M-RMSE=28.3489 мм
12:43:01 [INFO] core.algorithms.registration:   Гипотеза 6: C2M-RMSE=14.5327 мм
12:43:01 [INFO] core.algorithms.registration:   Гипотеза 7: C2M-RMSE=28.9952 мм
12:43:01 [INFO] core.algorithms.registration:   Гипотеза 8: C2M-RMSE=0.1561 мм
12:43:01 [INFO] core.algorithms.registration: Победитель: C2M-RMSE=0.1561 мм
12:43:01 [INFO] core.algorithms.registration: Финальный ICP от уточнённой матрицы победителя: грубый=4.215 мм (3.5%), точный=1.565 мм (1.3%)...
12:43:01 [INFO] core.algorithms.registration: ICP проход 1: rmse=0.382690, fitness=1.0000
12:43:01 [INFO] core.algorithms.registration: ICP проход 2: rmse=0.382690, fitness=1.0000
12:43:01 [INFO] core.algorithms.registration: Диагностика: сдвиг точного прохода=0.0000 мм, поворот=0.0000°, rmse_coarse=0.1577 мм, rmse_bestfit=0.1577 мм, absorbed_rmse=0.0000 мм, within_tol_coarse=98.7%, absorbed_within_tol=+0.0 п.п.
12:43:01 [INFO] core.algorithms.registration: Регистрация завершена (режим=best_fit): fitness=1.0000, RMSE=0.382690 мм
12:43:01 [INFO] core.worker:    ICP завершён. RMSE совмещения: 0.382690 мм
12:43:01 [INFO] core.worker:    Точная регистрация сместила деталь на 0.0000 мм / 0.0000°, разница C2M-RMSE: +0.0000 мм
12:43:01 [INFO] core.worker:    Точная регистрация повысила долю в допуске на +0.0 п.п. (с 98.7% до 98.7%) — мера маскировки
12:43:01 [INFO] core.worker: ③ Вычисление отклонений (Cloud-to-Mesh)...
12:43:01 [INFO] core.worker:    ⚠ Предупреждение: модель не является замкнутой (watertight). Знак отклонения восстановлен по нормали ближайшей грани.
12:43:01 [INFO] core.algorithms.deviation: Cloud-to-Mesh: вычисление отклонений...
12:43:01 [WARNING] core.algorithms.deviation: Модель не является замкнутой (watertight). Знак отклонения эвристический — определяется по нормали ближайшей грани. Надёжен только для замкнутых моделей; флаг ambiguous отмечает точки у рёбер/кромок.
12:43:01 [INFO] core.algorithms.deviation: Отклонения вычислены. Мин: -0.7369, Макс: 0.6601, Среднее: 0.0034
12:43:01 [INFO] core.worker: ④ Вычисление статистики...
12:43:02 [INFO] core.algorithms.deviation: Статистика: среднее=0.0034, RMSE=0.1986, макс|отклонение|=0.7369, в допуске=98.8%, избыток=61, недостаток=55, неоднозначный знак=1
12:43:02 [INFO] core.worker:    Габариты CAD: 114.2 x 66.5 x 30.0 мм  (диаг. 135.5 мм)
12:43:02 [INFO] core.worker:    Габариты скана: 114.7 x 67.0 x 31.2 мм  (диаг. 136.4 мм)
12:43:02 [INFO] core.worker:    Неоднозначный знак: 1 точек (0.0%) — точки у рёбер/кромок
12:43:02 [INFO] core.worker: ⑤ Раскраска облака точек по отклонениям...
12:43:02 [INFO] core.worker: ✓ Анализ завершён! Среднее отклонение: +0.0034 мм, в допуске: 98.8%
12:43:02 [INFO] core.project_manager: Результаты анализа сохранены в ProjectManager
12:44:15 [INFO] core.project_manager: Конфиг сохранён: config.json
12:44:16 [INFO] main: Приложение завершено с кодом 0
12:46:58 [INFO] main: ============================================================
12:46:58 [INFO] main: Запуск приложения
12:46:58 [INFO] root: Конфигурация загружена из config.json
12:47:06 [INFO] core.project_manager: ProjectManager инициализирован
12:47:08 [INFO] ui.main_window: Главное окно инициализировано
12:47:08 [INFO] main: Главное окно открыто
12:47:24 [INFO] core.project_manager: Загрузка CAD-модели: C:/module/tests/fixtures/L_shape.stl
12:47:24 [INFO] core.project_manager: CAD: масштаб не применяется (единица: mm)
12:47:24 [INFO] core.project_manager: CAD загружена: 44 вершин, 24 треугольников
12:47:27 [INFO] core.project_manager: Загрузка облака точек: C:/module/tests/fixtures/scan_flipped.ply
12:47:27 [INFO] core.project_manager: Скан: масштаб не применяется (единица: as_is)
12:47:27 [INFO] core.project_manager: Скан загружен: 10,000 точек
12:47:29 [INFO] core.worker: ① Предобработка облака точек...
12:47:29 [INFO] core.algorithms.preprocessing: SOR: начало. Точек до фильтрации: 10,000
12:47:30 [INFO] core.algorithms.preprocessing: SOR: удалено 545 выбросов. Осталось: 9,455 точек
12:47:30 [INFO] core.algorithms.preprocessing: Авто voxel_size = 1.8336 (1.5% от диагонали bbox облака 122.24)
12:47:30 [INFO] core.algorithms.preprocessing: Voxel Grid: начало. voxel_size=1.8336. Точек: 9,455
12:47:30 [INFO] core.algorithms.preprocessing: Voxel Grid: 9,455 → 4,272 точек (уменьшено в 2.2x)
12:47:30 [INFO] core.worker:    Предобработка завершена. Осталось точек: 9,455 (полное), 4,272 (прореженное)
12:47:30 [INFO] core.worker: ② Регистрация (совмещение скана с CAD-моделью)...
12:47:30 [INFO] core.algorithms.registration: Размер модели: [100.  30.  60.] мм, диагональ: 120.42 мм
12:47:30 [INFO] core.algorithms.registration: Адаптивные параметры: voxel=2.408, fpfh_r=6.021, ransac_d=3.612
12:47:30 [INFO] core.algorithms.registration: Пересчитываем прореживание: preprocessing voxel=1.8336, адаптивный voxel=2.4083 (разница > 20%)
12:47:30 [INFO] core.algorithms.registration: Предвыравнивание: смещение [ 26.108   0.112 -17.639] мм
12:47:30 [INFO] core.algorithms.registration: Вычисление FPFH-дескрипторов...
12:47:30 [INFO] core.algorithms.registration: PCA: добавлено 4 гипотез
12:47:30 [INFO] core.algorithms.registration: Запуск RANSAC (6 попыток, до 200000 итераций, top_k=4)...
12:47:33 [INFO] core.algorithms.registration:   RANSAC [1/6]: fitness=0.4944, rmse=1.8715
12:47:36 [INFO] core.algorithms.registration:   RANSAC [2/6]: fitness=0.3886, rmse=1.3833
12:47:38 [INFO] core.algorithms.registration:   RANSAC [3/6]: fitness=0.4701, rmse=1.9481
12:47:41 [INFO] core.algorithms.registration:   RANSAC [4/6]: fitness=0.4667, rmse=2.0447
12:47:45 [INFO] core.algorithms.registration:   RANSAC [5/6]: fitness=0.5972, rmse=1.6825
12:47:48 [INFO] core.algorithms.registration:   RANSAC [6/6]: fitness=0.4028, rmse=2.0687
12:47:48 [INFO] core.algorithms.registration: RANSAC топ-4: fitness=['0.5972', '0.4944', '0.4701', '0.4667']
12:47:48 [INFO] core.algorithms.registration: Пул гипотез: 9 (identity=1 + PCA=4 + RANSAC top-4)
12:47:48 [INFO] core.algorithms.registration:   Гипотеза 0: C2M-RMSE=11.8503 мм
12:47:48 [INFO] core.algorithms.registration:   Гипотеза 1: C2M-RMSE=7.6687 мм
12:47:48 [INFO] core.algorithms.registration:   Гипотеза 2: C2M-RMSE=11.8503 мм
12:47:48 [INFO] core.algorithms.registration:   Гипотеза 3: C2M-RMSE=0.1364 мм
12:47:49 [INFO] core.algorithms.registration:   Гипотеза 4: C2M-RMSE=6.2325 мм
12:47:49 [INFO] core.algorithms.registration:   Гипотеза 5: C2M-RMSE=0.1364 мм
12:47:49 [INFO] core.algorithms.registration:   Гипотеза 6: C2M-RMSE=15.3185 мм
12:47:49 [INFO] core.algorithms.registration:   Гипотеза 7: C2M-RMSE=0.1364 мм
12:47:49 [INFO] core.algorithms.registration:   Гипотеза 8: C2M-RMSE=0.1364 мм
12:47:49 [INFO] core.algorithms.registration: Победитель: C2M-RMSE=0.1364 мм
12:47:49 [INFO] core.algorithms.registration: Финальный ICP от уточнённой матрицы победителя: грубый=4.215 мм (3.5%), точный=1.565 мм (1.3%)...
12:47:49 [INFO] core.algorithms.registration: ICP проход 1: rmse=0.382074, fitness=1.0000
12:47:49 [INFO] core.algorithms.registration: ICP проход 2: rmse=0.382074, fitness=1.0000
12:47:49 [INFO] core.algorithms.registration: Диагностика: сдвиг точного прохода=0.0000 мм, поворот=0.0000°, rmse_coarse=0.1365 мм, rmse_bestfit=0.1365 мм, absorbed_rmse=0.0000 мм, within_tol_coarse=96.4%, absorbed_within_tol=+0.0 п.п.
12:47:49 [INFO] core.algorithms.registration: Регистрация завершена (режим=best_fit): fitness=1.0000, RMSE=0.382074 мм
12:47:49 [INFO] core.worker:    ICP завершён. RMSE совмещения: 0.382074 мм
12:47:49 [INFO] core.worker:    Точная регистрация сместила деталь на 0.0000 мм / 0.0000°, разница C2M-RMSE: +0.0000 мм
12:47:49 [INFO] core.worker:    Точная регистрация повысила долю в допуске на +0.0 п.п. (с 96.4% до 96.4%) — мера маскировки
12:47:49 [INFO] core.worker: ③ Вычисление отклонений (Cloud-to-Mesh)...
12:47:49 [INFO] core.worker:    ⚠ Предупреждение: модель не является замкнутой (watertight). Знак отклонения восстановлен по нормали ближайшей грани.
12:47:49 [INFO] core.algorithms.deviation: Cloud-to-Mesh: вычисление отклонений...
12:47:49 [WARNING] core.algorithms.deviation: Модель не является замкнутой (watertight). Знак отклонения эвристический — определяется по нормали ближайшей грани. Надёжен только для замкнутых моделей; флаг ambiguous отмечает точки у рёбер/кромок.
12:47:49 [INFO] core.algorithms.deviation: Отклонения вычислены. Мин: -0.7386, Макс: 0.6593, Среднее: 0.0035
12:47:49 [INFO] core.worker: ④ Вычисление статистики...
12:47:49 [INFO] core.algorithms.deviation: Статистика: среднее=0.0035, RMSE=0.1986, макс|отклонение|=0.7386, в допуске=86.5%, избыток=674, недостаток=603, неоднозначный знак=2
12:47:49 [INFO] core.worker:    Габариты CAD: 114.2 x 66.5 x 30.0 мм  (диаг. 135.5 мм)
12:47:49 [INFO] core.worker:    Габариты скана: 114.7 x 67.0 x 31.2 мм  (диаг. 136.4 мм)
12:47:49 [INFO] core.worker:    Неоднозначный знак: 2 точек (0.0%) — точки у рёбер/кромок
12:47:49 [INFO] core.worker: ⑤ Раскраска облака точек по отклонениям...
12:47:49 [INFO] core.worker: ✓ Анализ завершён! Среднее отклонение: +0.0035 мм, в допуске: 86.5%
12:47:49 [INFO] core.project_manager: Результаты анализа сохранены в ProjectManager
12:49:19 [INFO] core.project_manager: Загрузка CAD-модели: C:/module/tests/fixtures/L_shape.stl
12:49:19 [INFO] core.project_manager: CAD: масштаб x10.0 (cm -> мм)
12:49:19 [INFO] core.project_manager: CAD загружена: 44 вершин, 24 треугольников
12:49:19 [INFO] core.project_manager: Загрузка CAD-модели: C:/module/tests/fixtures/L_shape.stl
12:49:19 [INFO] core.project_manager: CAD: масштаб x1000.0 (m -> мм)
12:49:19 [INFO] core.project_manager: CAD загружена: 44 вершин, 24 треугольников
12:49:19 [INFO] core.project_manager: Загрузка CAD-модели: C:/module/tests/fixtures/L_shape.stl
12:49:19 [INFO] core.project_manager: CAD: масштаб x25.4 (in -> мм)
12:49:19 [INFO] core.project_manager: CAD загружена: 44 вершин, 24 треугольников
12:49:22 [INFO] core.project_manager: Загрузка CAD-модели: C:/module/tests/fixtures/L_shape.stl
12:49:22 [INFO] core.project_manager: CAD: масштаб x1000.0 (m -> мм)
12:49:22 [INFO] core.project_manager: CAD загружена: 44 вершин, 24 треугольников
12:49:23 [INFO] core.project_manager: Загрузка CAD-модели: C:/module/tests/fixtures/L_shape.stl
12:49:23 [INFO] core.project_manager: CAD: масштаб x10.0 (cm -> мм)
12:49:23 [INFO] core.project_manager: CAD загружена: 44 вершин, 24 треугольников
12:49:23 [INFO] core.project_manager: Загрузка CAD-модели: C:/module/tests/fixtures/L_shape.stl
12:49:23 [INFO] core.project_manager: CAD: масштаб не применяется (единица: mm)
12:49:23 [INFO] core.project_manager: CAD загружена: 44 вершин, 24 треугольников
12:49:45 [INFO] core.project_manager: Конфиг сохранён: config.json
12:49:45 [INFO] main: Приложение завершено с кодом 0
12:50:37 [INFO] main: ============================================================
12:50:37 [INFO] main: Запуск приложения
12:50:37 [INFO] root: Конфигурация загружена из config.json
12:50:46 [INFO] core.project_manager: ProjectManager инициализирован
12:50:47 [INFO] ui.main_window: Главное окно инициализировано
12:50:47 [INFO] main: Главное окно открыто
12:50:52 [INFO] core.project_manager: Загрузка CAD-модели: C:/module/tests/fixtures/L_shape.stl
12:50:52 [INFO] core.project_manager: CAD: масштаб не применяется (единица: mm)
12:50:52 [INFO] core.project_manager: CAD загружена: 44 вершин, 24 треугольников
12:51:22 [INFO] core.project_manager: Загрузка облака точек: C:/module/scan.ply
12:51:22 [INFO] core.project_manager: Скан: масштаб не применяется (единица: as_is)
12:51:22 [INFO] core.project_manager: Скан загружен: 76,784 точек
12:51:25 [INFO] core.worker: ① Предобработка облака точек...
12:51:25 [INFO] core.algorithms.preprocessing: SOR: начало. Точек до фильтрации: 76,784
12:51:25 [INFO] core.algorithms.preprocessing: SOR: удалено 352 выбросов. Осталось: 76,432 точек
12:51:25 [INFO] core.algorithms.preprocessing: Авто voxel_size = 1.8579 (1.5% от диагонали bbox облака 123.86)
12:51:25 [INFO] core.algorithms.preprocessing: Voxel Grid: начало. voxel_size=1.8579. Точек: 76,432
12:51:25 [INFO] core.algorithms.preprocessing: Voxel Grid: 76,432 → 3,824 точек (уменьшено в 20.0x)
12:51:25 [INFO] core.worker:    Предобработка завершена. Осталось точек: 76,432 (полное), 3,824 (прореженное)
12:51:25 [INFO] core.worker: ② Регистрация (совмещение скана с CAD-моделью)...
12:51:25 [INFO] core.algorithms.registration: Размер модели: [100.  30.  60.] мм, диагональ: 120.42 мм
12:51:25 [INFO] core.algorithms.registration: Адаптивные параметры: voxel=2.408, fpfh_r=6.021, ransac_d=3.612
12:51:25 [INFO] core.algorithms.registration: Пересчитываем прореживание: preprocessing voxel=1.8579, адаптивный voxel=2.4083 (разница > 20%)
12:51:25 [INFO] core.algorithms.registration: Предвыравнивание: смещение [ 79.181  23.808 -15.62 ] мм
12:51:25 [INFO] core.algorithms.registration: Вычисление FPFH-дескрипторов...
12:51:26 [INFO] core.algorithms.registration: PCA: добавлено 4 гипотез
12:51:26 [INFO] core.algorithms.registration: Запуск RANSAC (6 попыток, до 200000 итераций, top_k=4)...
12:51:28 [INFO] core.algorithms.registration:   RANSAC [1/6]: fitness=0.3297, rmse=2.0892
12:51:30 [INFO] core.algorithms.registration:   RANSAC [2/6]: fitness=0.3897, rmse=2.0093
12:51:32 [INFO] core.algorithms.registration:   RANSAC [3/6]: fitness=0.3514, rmse=2.1279
12:51:34 [INFO] core.algorithms.registration:   RANSAC [4/6]: fitness=0.3705, rmse=2.0152
12:51:35 [INFO] core.algorithms.registration:   RANSAC [5/6]: fitness=0.3232, rmse=1.9457
12:51:38 [INFO] core.algorithms.registration:   RANSAC [6/6]: fitness=0.3588, rmse=1.9162
12:51:38 [INFO] core.algorithms.registration: RANSAC топ-4: fitness=['0.3897', '0.3705', '0.3588', '0.3514']
12:51:38 [INFO] core.algorithms.registration: Пул гипотез: 9 (identity=1 + PCA=4 + RANSAC top-4)
12:51:38 [INFO] core.algorithms.registration:   Гипотеза 0: C2M-RMSE=9.8710 мм
12:51:38 [INFO] core.algorithms.registration:   Гипотеза 1: C2M-RMSE=6.9767 мм
12:51:38 [INFO] core.algorithms.registration:   Гипотеза 2: C2M-RMSE=7.8701 мм
12:51:38 [INFO] core.algorithms.registration:   Гипотеза 3: C2M-RMSE=8.0726 мм
12:51:39 [INFO] core.algorithms.registration:   Гипотеза 4: C2M-RMSE=10.9125 мм
12:51:39 [INFO] core.algorithms.registration:   Гипотеза 5: C2M-RMSE=12.4041 мм
12:51:39 [INFO] core.algorithms.registration:   Гипотеза 6: C2M-RMSE=16.8687 мм
12:51:39 [INFO] core.algorithms.registration:   Гипотеза 7: C2M-RMSE=16.6045 мм
12:51:40 [INFO] core.algorithms.registration:   Гипотеза 8: C2M-RMSE=11.9862 мм
12:51:40 [INFO] core.algorithms.registration: Победитель: C2M-RMSE=6.9767 мм
12:51:40 [WARNING] core.algorithms.registration: SUSPECT REGISTRATION: C2M-RMSE победителя = 6.9767 мм > порог 6.0208 мм (5.0% от bbox_diag=120.4 мм). Проверьте соответствие скана и CAD-модели.
12:51:40 [INFO] core.algorithms.registration: Финальный ICP от уточнённой матрицы победителя: грубый=4.215 мм (3.5%), точный=1.565 мм (1.3%)...
12:51:49 [INFO] core.algorithms.registration: ICP проход 1: rmse=2.181848, fitness=0.5988
12:51:55 [INFO] core.algorithms.registration: ICP проход 2: rmse=0.844679, fitness=0.2849
12:51:55 [INFO] core.algorithms.registration: Диагностика: сдвиг точного прохода=13.9247 мм, поворот=8.5011°, rmse_coarse=6.9202 мм, rmse_bestfit=6.6070 мм, absorbed_rmse=0.3131 мм, within_tol_coarse=5.0%, absorbed_within_tol=+2.5 п.п.
12:51:55 [INFO] core.algorithms.registration: Регистрация завершена (режим=best_fit): fitness=0.2849, RMSE=0.844679 мм
12:51:55 [INFO] core.worker:    ICP завершён. RMSE совмещения: 0.844679 мм
12:51:55 [INFO] core.worker:    Точная регистрация сместила деталь на 13.9247 мм / 8.5011°, разница C2M-RMSE: +0.3131 мм
12:51:55 [INFO] core.worker:    Точная регистрация повысила долю в допуске на +2.5 п.п. (с 5.0% до 7.5%) — мера маскировки
12:51:55 [INFO] core.worker:    [SUSPECT REGISTRATION] Лучший кандидат имеет большой C2M-RMSE. Регистрация может быть неверной — проверьте визуально.
12:51:55 [INFO] core.worker: ③ Вычисление отклонений (Cloud-to-Mesh)...
12:51:55 [INFO] core.worker:    ⚠ Предупреждение: модель не является замкнутой (watertight). Знак отклонения восстановлен по нормали ближайшей грани.
12:51:55 [INFO] core.algorithms.deviation: Cloud-to-Mesh: вычисление отклонений...
12:51:55 [WARNING] core.algorithms.deviation: Модель не является замкнутой (watertight). Знак отклонения эвристический — определяется по нормали ближайшей грани. Надёжен только для замкнутых моделей; флаг ambiguous отмечает точки у рёбер/кромок.
12:51:55 [INFO] core.algorithms.deviation: Отклонения вычислены. Мин: -9.9975, Макс: 25.7664, Среднее: 1.2186
12:51:55 [INFO] core.worker: ④ Вычисление статистики...
12:51:55 [INFO] core.algorithms.deviation: Статистика: среднее=1.2186, RMSE=6.7737, макс|отклонение|=25.7664, в допуске=7.2%, избыток=36306, недостаток=34588, неоднозначный знак=199
12:51:55 [INFO] core.worker:    Габариты CAD: 114.2 x 66.5 x 30.0 мм  (диаг. 135.5 мм)
12:51:55 [INFO] core.worker:    Габариты скана: 97.4 x 63.2 x 63.3 мм  (диаг. 132.3 мм)
12:51:55 [INFO] core.worker:    Неоднозначный знак: 199 точек (0.3%) — точки у рёбер/кромок
12:51:55 [INFO] core.worker: ⑤ Раскраска облака точек по отклонениям...
12:51:55 [INFO] core.worker: ✓ Анализ завершён! Среднее отклонение: +1.2186 мм, в допуске: 7.2%
12:51:55 [INFO] core.project_manager: Результаты анализа сохранены в ProjectManager
12:54:14 [INFO] core.project_manager: Конфиг сохранён: config.json
12:54:15 [INFO] main: Приложение завершено с кодом 0
12:56:11 [INFO] main: ============================================================
12:56:11 [INFO] main: Запуск приложения
12:56:11 [INFO] root: Конфигурация загружена из config.json
12:56:20 [INFO] core.project_manager: ProjectManager инициализирован
12:56:21 [INFO] ui.main_window: Главное окно инициализировано
12:56:21 [INFO] main: Главное окно открыто
12:56:26 [INFO] core.project_manager: Загрузка CAD-модели: C:/module/Green_Alien.stl
12:56:27 [INFO] core.project_manager: CAD: масштаб не применяется (единица: mm)
12:56:27 [INFO] core.project_manager: CAD загружена: 615,460 вершин, 206,140 треугольников
12:56:33 [INFO] core.project_manager: Загрузка облака точек: C:/module/tests/fixtures/scan_correct.ply
12:56:33 [INFO] core.project_manager: Скан: масштаб не применяется (единица: as_is)
12:56:33 [INFO] core.project_manager: Скан загружен: 10,000 точек
12:56:43 [INFO] core.worker: ① Предобработка облака точек...
12:56:43 [INFO] core.algorithms.preprocessing: SOR: начало. Точек до фильтрации: 10,000
12:56:43 [INFO] core.algorithms.preprocessing: SOR: удалено 545 выбросов. Осталось: 9,455 точек
12:56:43 [INFO] core.algorithms.preprocessing: Авто voxel_size = 1.8336 (1.5% от диагонали bbox облака 122.24)
12:56:43 [INFO] core.algorithms.preprocessing: Voxel Grid: начало. voxel_size=1.8336. Точек: 9,455
12:56:43 [INFO] core.algorithms.preprocessing: Voxel Grid: 9,455 → 4,388 точек (уменьшено в 2.2x)
12:56:43 [INFO] core.worker:    Предобработка завершена. Осталось точек: 9,455 (полное), 4,388 (прореженное)
12:56:43 [INFO] core.worker: ② Регистрация (совмещение скана с CAD-моделью)...
12:56:43 [INFO] core.algorithms.registration: Размер модели: [64.11 64.01 80.  ] мм, диагональ: 120.86 мм
12:56:43 [INFO] core.algorithms.registration: Адаптивные параметры: voxel=2.417, fpfh_r=6.043, ransac_d=3.626
12:56:43 [INFO] core.algorithms.registration: Пересчитываем прореживание: preprocessing voxel=1.8336, адаптивный voxel=2.4173 (разница > 20%)
12:56:43 [INFO] core.algorithms.registration: Предвыравнивание: смещение [-62.918  -9.095   6.807] мм
12:56:43 [INFO] core.algorithms.registration: Вычисление FPFH-дескрипторов...
12:56:44 [INFO] core.algorithms.registration: PCA: добавлено 4 гипотез
12:56:44 [INFO] core.algorithms.registration: Запуск RANSAC (6 попыток, до 200000 итераций, top_k=4)...
12:56:48 [INFO] core.algorithms.registration:   RANSAC [1/6]: fitness=0.3648, rmse=1.9935
12:56:52 [INFO] core.algorithms.registration:   RANSAC [2/6]: fitness=0.2916, rmse=2.0967
12:56:55 [INFO] core.algorithms.registration:   RANSAC [3/6]: fitness=0.3105, rmse=2.0543
12:56:59 [INFO] core.algorithms.registration:   RANSAC [4/6]: fitness=0.3358, rmse=2.1137
12:57:03 [INFO] core.algorithms.registration:   RANSAC [5/6]: fitness=0.3648, rmse=1.9935
12:57:06 [INFO] core.algorithms.registration:   RANSAC [6/6]: fitness=0.3042, rmse=2.1387
12:57:06 [INFO] core.algorithms.registration: RANSAC топ-4: fitness=['0.3648', '0.3648', '0.3358', '0.3105']
12:57:06 [INFO] core.algorithms.registration: Пул гипотез: 9 (identity=1 + PCA=4 + RANSAC top-4)
12:57:06 [INFO] core.algorithms.registration:   Гипотеза 0: C2M-RMSE=18.0665 мм
12:57:06 [INFO] core.algorithms.registration:   Гипотеза 1: C2M-RMSE=9.8119 мм
12:57:07 [INFO] core.algorithms.registration:   Гипотеза 2: C2M-RMSE=8.0976 мм
12:57:07 [INFO] core.algorithms.registration:   Гипотеза 3: C2M-RMSE=14.6911 мм
12:57:07 [INFO] core.algorithms.registration:   Гипотеза 4: C2M-RMSE=11.7114 мм
12:57:07 [INFO] core.algorithms.registration:   Гипотеза 5: C2M-RMSE=9.5708 мм
12:57:07 [INFO] core.algorithms.registration:   Гипотеза 6: C2M-RMSE=9.5708 мм
12:57:07 [INFO] core.algorithms.registration:   Гипотеза 7: C2M-RMSE=9.6444 мм
12:57:08 [INFO] core.algorithms.registration:   Гипотеза 8: C2M-RMSE=15.1605 мм
12:57:08 [INFO] core.algorithms.registration: Победитель: C2M-RMSE=8.0976 мм
12:57:08 [WARNING] core.algorithms.registration: SUSPECT REGISTRATION: C2M-RMSE победителя = 8.0976 мм > порог 6.0431 мм (5.0% от bbox_diag=120.9 мм). Проверьте соответствие скана и CAD-модели.
12:57:08 [INFO] core.algorithms.registration: Финальный ICP от уточнённой матрицы победителя: грубый=4.230 мм (3.5%), точный=1.571 мм (1.3%)...
12:57:08 [INFO] core.algorithms.registration: ICP проход 1: rmse=2.224335, fitness=0.4157
12:57:09 [INFO] core.algorithms.registration: ICP проход 2: rmse=0.833247, fitness=0.2140
12:57:09 [INFO] core.algorithms.registration: Диагностика: сдвиг точного прохода=2.3923 мм, поворот=3.3063°, rmse_coarse=8.9116 мм, rmse_bestfit=9.4757 мм, absorbed_rmse=-0.5641 мм, within_tol_coarse=3.2%, absorbed_within_tol=+2.9 п.п.
12:57:09 [INFO] core.algorithms.registration: Регистрация завершена (режим=best_fit): fitness=0.2140, RMSE=0.833247 мм
12:57:09 [INFO] core.worker:    ICP завершён. RMSE совмещения: 0.833247 мм
12:57:09 [INFO] core.worker:    Точная регистрация сместила деталь на 2.3923 мм / 3.3063°, разница C2M-RMSE: -0.5641 мм
12:57:09 [INFO] core.worker:    Точная регистрация повысила долю в допуске на +2.9 п.п. (с 3.2% до 6.1%) — мера маскировки
12:57:09 [INFO] core.worker:    [SUSPECT REGISTRATION] Лучший кандидат имеет большой C2M-RMSE. Регистрация может быть неверной — проверьте визуально.
12:57:09 [INFO] core.worker: ③ Вычисление отклонений (Cloud-to-Mesh)...
12:57:10 [INFO] core.worker:    ⚠ Предупреждение: модель не является замкнутой (watertight). Знак отклонения восстановлен по нормали ближайшей грани.
12:57:10 [INFO] core.algorithms.deviation: Cloud-to-Mesh: вычисление отклонений...
12:57:11 [WARNING] core.algorithms.deviation: Модель не является замкнутой (watertight). Знак отклонения эвристический — определяется по нормали ближайшей грани. Надёжен только для замкнутых моделей; флаг ambiguous отмечает точки у рёбер/кромок.
12:57:11 [INFO] core.algorithms.deviation: Отклонения вычислены. Мин: -6.4433, Макс: 26.6873, Среднее: 6.9198
12:57:11 [INFO] core.worker: ④ Вычисление статистики...
12:57:11 [INFO] core.algorithms.deviation: Статистика: среднее=6.9198, RMSE=9.4950, макс|отклонение|=26.6873, в допуске=5.5%, избыток=7901, недостаток=1030, неоднозначный знак=0
12:57:12 [INFO] core.worker:    Габариты CAD: 95.9 x 59.3 x 64.0 мм  (диаг. 129.6 мм)
12:57:12 [INFO] core.worker:    Габариты скана: 116.9 x 67.5 x 32.7 мм  (диаг. 138.9 мм)
12:57:12 [INFO] core.worker: ⑤ Раскраска облака точек по отклонениям...
12:57:12 [INFO] core.worker: ✓ Анализ завершён! Среднее отклонение: +6.9198 мм, в допуске: 5.5%
12:57:17 [INFO] core.project_manager: Результаты анализа сохранены в ProjectManager
12:57:30 [INFO] core.project_manager: Конфиг сохранён: config.json
12:57:30 [INFO] main: Приложение завершено с кодом 0
15:51:54 [INFO] main: ============================================================
15:51:54 [INFO] main: Запуск приложения
15:51:54 [INFO] root: Конфигурация загружена из config.json
15:52:06 [INFO] core.project_manager: ProjectManager инициализирован
15:52:08 [INFO] ui.main_window: Главное окно инициализировано
15:52:08 [INFO] main: Главное окно открыто
15:52:25 [INFO] core.project_manager: Загрузка CAD-модели: C:/module/Green_Alien.stl
15:52:26 [INFO] core.project_manager: CAD: масштаб не применяется (единица: mm)
15:52:26 [INFO] core.project_manager: CAD загружена: 615,460 вершин, 206,140 треугольников
15:53:16 [INFO] core.project_manager: Загрузка облака точек: C:/module/scan.ply
15:53:16 [INFO] core.project_manager: Скан: масштаб не применяется (единица: as_is)
15:53:16 [INFO] core.project_manager: Скан загружен: 76,784 точек
15:53:27 [INFO] core.worker: ① Предобработка облака точек...
15:53:27 [INFO] core.algorithms.preprocessing: SOR: начало. Точек до фильтрации: 76,784
15:53:27 [INFO] core.algorithms.preprocessing: SOR: удалено 352 выбросов. Осталось: 76,432 точек
15:53:27 [INFO] core.algorithms.preprocessing: Авто voxel_size = 1.8579 (1.5% от диагонали bbox облака 123.86)
15:53:27 [INFO] core.algorithms.preprocessing: Voxel Grid: начало. voxel_size=1.8579. Точек: 76,432
15:53:27 [INFO] core.algorithms.preprocessing: Voxel Grid: 76,432 → 3,824 точек (уменьшено в 20.0x)
15:53:27 [INFO] core.worker:    Предобработка завершена. Осталось точек: 76,432 (полное), 3,824 (прореженное)
15:53:27 [INFO] core.worker: ② Регистрация (совмещение скана с CAD-моделью)...
15:53:28 [INFO] core.algorithms.registration: Размер модели: [64.11 64.01 80.  ] мм, диагональ: 120.86 мм
15:53:28 [INFO] core.algorithms.registration: Адаптивные параметры: voxel=2.417, fpfh_r=6.043, ransac_d=3.626
15:53:28 [INFO] core.algorithms.registration: Пересчитываем прореживание: preprocessing voxel=1.8579, адаптивный voxel=2.4173 (разница > 20%)
15:53:28 [INFO] core.algorithms.registration: Предвыравнивание: смещение [16.391 14.389 -8.86 ] мм
15:53:28 [INFO] core.algorithms.registration: Вычисление FPFH-дескрипторов...
15:53:29 [INFO] core.algorithms.registration: PCA: добавлено 4 гипотез
15:53:29 [INFO] core.algorithms.registration: Запуск RANSAC (6 попыток, до 200000 итераций, top_k=4)...
15:53:32 [INFO] core.algorithms.registration:   RANSAC [1/6]: fitness=0.9769, rmse=1.5392
15:53:36 [INFO] core.algorithms.registration:   RANSAC [2/6]: fitness=1.0000, rmse=1.4317
15:53:39 [INFO] core.algorithms.registration:   RANSAC [3/6]: fitness=0.9996, rmse=1.4560
15:53:43 [INFO] core.algorithms.registration:   RANSAC [4/6]: fitness=0.9935, rmse=1.6846
15:53:46 [INFO] core.algorithms.registration:   RANSAC [5/6]: fitness=0.9677, rmse=1.6691
15:53:49 [INFO] core.algorithms.registration:   RANSAC [6/6]: fitness=0.9677, rmse=1.5636
15:53:49 [INFO] core.algorithms.registration: RANSAC топ-4: fitness=['1.0000', '0.9996', '0.9935', '0.9769']
15:53:49 [INFO] core.algorithms.registration: Пул гипотез: 9 (identity=1 + PCA=4 + RANSAC top-4)
15:53:50 [INFO] core.algorithms.registration:   Гипотеза 0: C2M-RMSE=0.1561 мм
15:53:50 [INFO] core.algorithms.registration:   Гипотеза 1: C2M-RMSE=9.4870 мм
15:53:50 [INFO] core.algorithms.registration:   Гипотеза 2: C2M-RMSE=0.1561 мм
15:53:50 [INFO] core.algorithms.registration:   Гипотеза 3: C2M-RMSE=14.4248 мм
15:53:50 [INFO] core.algorithms.registration:   Гипотеза 4: C2M-RMSE=10.9063 мм
15:53:50 [INFO] core.algorithms.registration:   Гипотеза 5: C2M-RMSE=0.1561 мм
15:53:50 [INFO] core.algorithms.registration:   Гипотеза 6: C2M-RMSE=0.1561 мм
15:53:50 [INFO] core.algorithms.registration:   Гипотеза 7: C2M-RMSE=0.1561 мм
15:53:50 [INFO] core.algorithms.registration:   Гипотеза 8: C2M-RMSE=0.1561 мм
15:53:50 [INFO] core.algorithms.registration: Победитель: C2M-RMSE=0.1561 мм
15:53:50 [INFO] core.algorithms.registration: Финальный ICP от уточнённой матрицы победителя: грубый=4.230 мм (3.5%), точный=1.571 мм (1.3%)...
15:53:50 [INFO] core.algorithms.registration: ICP проход 1: rmse=0.218343, fitness=1.0000
15:53:51 [INFO] core.algorithms.registration: ICP проход 2: rmse=0.217600, fitness=0.9999
15:53:51 [INFO] core.algorithms.registration: Диагностика: сдвиг точного прохода=0.0002 мм, поворот=0.0003°, rmse_coarse=0.1562 мм, rmse_bestfit=0.1562 мм, absorbed_rmse=-0.0000 мм, within_tol_coarse=93.2%, absorbed_within_tol=+0.0 п.п.
15:53:51 [INFO] core.algorithms.registration: Регистрация завершена (режим=best_fit): fitness=0.9999, RMSE=0.217600 мм
15:53:51 [INFO] core.worker:    ICP завершён. RMSE совмещения: 0.217600 мм
15:53:51 [INFO] core.worker:    Точная регистрация сместила деталь на 0.0002 мм / 0.0003°, разница C2M-RMSE: -0.0000 мм
15:53:51 [INFO] core.worker:    Точная регистрация повысила долю в допуске на +0.0 п.п. (с 93.2% до 93.2%) — мера маскировки
15:53:51 [INFO] core.worker: ③ Вычисление отклонений (Cloud-to-Mesh)...
15:53:52 [INFO] core.worker:    ⚠ Предупреждение: модель не является замкнутой (watertight). Знак отклонения восстановлен по нормали ближайшей грани.
15:53:52 [INFO] core.algorithms.deviation: Cloud-to-Mesh: вычисление отклонений...
15:53:53 [WARNING] core.algorithms.deviation: Модель не является замкнутой (watertight). Знак отклонения эвристический — определяется по нормали ближайшей грани. Надёжен только для замкнутых моделей; флаг ambiguous отмечает точки у рёбер/кромок.
15:53:53 [INFO] core.algorithms.deviation: Отклонения вычислены. Мин: -1.7670, Макс: 1.8982, Среднее: -0.0032
15:53:53 [INFO] core.worker: ④ Вычисление статистики...
15:53:53 [INFO] core.algorithms.deviation: Статистика: среднее=-0.0032, RMSE=0.0532, макс|отклонение|=1.8982, в допуске=99.3%, избыток=22, недостаток=505, неоднозначный знак=6
15:53:53 [INFO] core.worker:    Габариты CAD: 95.9 x 59.3 x 64.0 мм  (диаг. 129.6 мм)
15:53:53 [INFO] core.worker:    Габариты скана: 97.2 x 59.3 x 64.0 мм  (диаг. 130.6 мм)
15:53:55 [INFO] core.worker:    Неоднозначный знак: 6 точек (0.0%) — точки у рёбер/кромок
15:53:55 [INFO] core.worker: ⑤ Раскраска облака точек по отклонениям...
15:53:55 [INFO] core.worker: ✓ Анализ завершён! Среднее отклонение: -0.0032 мм, в допуске: 99.3%
15:53:55 [INFO] core.project_manager: Результаты анализа сохранены в ProjectManager
15:55:18 [INFO] core.algorithms.deviation: Статистика: среднее=-0.0032, RMSE=0.0532, макс|отклонение|=1.8982, в допуске=99.3%, избыток=22, недостаток=505, неоднозначный знак=6
15:55:26 [INFO] core.algorithms.deviation: Статистика: среднее=-0.0032, RMSE=0.0532, макс|отклонение|=1.8982, в допуске=98.8%, избыток=61, недостаток=890, неоднозначный знак=6
15:55:34 [INFO] core.algorithms.deviation: Статистика: среднее=-0.0032, RMSE=0.0532, макс|отклонение|=1.8982, в допуске=88.3%, избыток=3982, недостаток=4986, неоднозначный знак=6
15:56:46 [INFO] core.worker: ① Предобработка облака точек...
15:56:46 [INFO] core.algorithms.preprocessing: SOR: начало. Точек до фильтрации: 76,784
15:56:46 [INFO] core.algorithms.preprocessing: SOR: удалено 381 выбросов. Осталось: 76,403 точек
15:56:46 [INFO] core.algorithms.preprocessing: Авто voxel_size = 1.8557 (1.5% от диагонали bbox облака 123.72)
15:56:46 [INFO] core.algorithms.preprocessing: Voxel Grid: начало. voxel_size=1.8557. Точек: 76,403
15:56:46 [INFO] core.algorithms.preprocessing: Voxel Grid: 76,403 → 3,827 точек (уменьшено в 20.0x)
15:56:46 [INFO] core.worker:    Предобработка завершена. Осталось точек: 76,403 (полное), 3,827 (прореженное)
15:56:46 [INFO] core.worker: ② Регистрация (совмещение скана с CAD-моделью)...
15:56:46 [INFO] core.algorithms.registration: Размер модели: [64.11 64.01 80.  ] мм, диагональ: 120.86 мм
15:56:46 [INFO] core.algorithms.registration: Адаптивные параметры: voxel=2.417, fpfh_r=6.043, ransac_d=3.626
15:56:46 [INFO] core.algorithms.registration: Пересчитываем прореживание: preprocessing voxel=1.8557, адаптивный voxel=2.4173 (разница > 20%)
15:56:47 [INFO] core.algorithms.registration: Предвыравнивание: смещение [16.357 14.502 -8.796] мм
15:56:47 [INFO] core.algorithms.registration: Вычисление FPFH-дескрипторов...
15:56:47 [INFO] core.algorithms.registration: PCA: добавлено 4 гипотез
15:56:47 [INFO] core.algorithms.registration: Запуск RANSAC (6 попыток, до 200000 итераций, top_k=4)...
15:56:51 [INFO] core.algorithms.registration:   RANSAC [1/6]: fitness=1.0000, rmse=1.2566
15:56:54 [INFO] core.algorithms.registration:   RANSAC [2/6]: fitness=1.0000, rmse=1.3879
15:56:57 [INFO] core.algorithms.registration:   RANSAC [3/6]: fitness=0.9561, rmse=1.3786
15:57:01 [INFO] core.algorithms.registration:   RANSAC [4/6]: fitness=1.0000, rmse=1.6453
15:57:04 [INFO] core.algorithms.registration:   RANSAC [5/6]: fitness=0.9846, rmse=1.4708
15:57:07 [INFO] core.algorithms.registration:   RANSAC [6/6]: fitness=0.9939, rmse=1.3750
15:57:07 [INFO] core.algorithms.registration: RANSAC топ-4: fitness=['1.0000', '1.0000', '1.0000', '0.9939']
15:57:07 [INFO] core.algorithms.registration: Пул гипотез: 9 (identity=1 + PCA=4 + RANSAC top-4)
15:57:07 [INFO] core.algorithms.registration:   Гипотеза 0: C2M-RMSE=0.1088 мм
15:57:07 [INFO] core.algorithms.registration:   Гипотеза 1: C2M-RMSE=11.2746 мм
15:57:07 [INFO] core.algorithms.registration:   Гипотеза 2: C2M-RMSE=14.6603 мм
15:57:07 [INFO] core.algorithms.registration:   Гипотеза 3: C2M-RMSE=0.1088 мм
15:57:07 [INFO] core.algorithms.registration:   Гипотеза 4: C2M-RMSE=9.2784 мм
15:57:07 [INFO] core.algorithms.registration:   Гипотеза 5: C2M-RMSE=0.1088 мм
15:57:07 [INFO] core.algorithms.registration:   Гипотеза 6: C2M-RMSE=0.1088 мм
15:57:08 [INFO] core.algorithms.registration:   Гипотеза 7: C2M-RMSE=0.1088 мм
15:57:08 [INFO] core.algorithms.registration:   Гипотеза 8: C2M-RMSE=0.1088 мм
15:57:08 [INFO] core.algorithms.registration: Победитель: C2M-RMSE=0.1088 мм
15:57:08 [INFO] core.algorithms.registration: Финальный ICP от уточнённой матрицы победителя: грубый=4.230 мм (3.5%), точный=1.571 мм (1.3%)...
15:57:08 [INFO] core.algorithms.registration: ICP проход 1: rmse=0.216476, fitness=1.0000
15:57:08 [INFO] core.algorithms.registration: ICP проход 2: rmse=0.216476, fitness=1.0000
15:57:08 [INFO] core.algorithms.registration: Диагностика: сдвиг точного прохода=0.0000 мм, поворот=0.0000°, rmse_coarse=0.1089 мм, rmse_bestfit=0.1089 мм, absorbed_rmse=-0.0000 мм, within_tol_coarse=59.0%, absorbed_within_tol=+0.0 п.п.
15:57:08 [INFO] core.algorithms.registration: Регистрация завершена (режим=best_fit): fitness=1.0000, RMSE=0.216476 мм
15:57:08 [INFO] core.worker:    ICP завершён. RMSE совмещения: 0.216476 мм
15:57:08 [INFO] core.worker:    Точная регистрация сместила деталь на 0.0000 мм / 0.0000°, разница C2M-RMSE: -0.0000 мм
15:57:08 [INFO] core.worker:    Точная регистрация повысила долю в допуске на +0.0 п.п. (с 59.0% до 59.0%) — мера маскировки
15:57:08 [INFO] core.worker: ③ Вычисление отклонений (Cloud-to-Mesh)...
15:57:09 [INFO] core.worker:    ⚠ Предупреждение: модель не является замкнутой (watertight). Знак отклонения восстановлен по нормали ближайшей грани.
15:57:09 [INFO] core.algorithms.deviation: Cloud-to-Mesh: вычисление отклонений...
15:57:10 [WARNING] core.algorithms.deviation: Модель не является замкнутой (watertight). Знак отклонения эвристический — определяется по нормали ближайшей грани. Надёжен только для замкнутых моделей; флаг ambiguous отмечает точки у рёбер/кромок.
15:57:10 [INFO] core.algorithms.deviation: Отклонения вычислены. Мин: -0.8116, Макс: 0.8305, Среднее: -0.0034
15:57:10 [INFO] core.worker: ④ Вычисление статистики...
15:57:10 [INFO] core.algorithms.deviation: Статистика: среднее=-0.0034, RMSE=0.0470, макс|отклонение|=0.8305, в допуске=88.2%, избыток=3970, недостаток=5014, неоднозначный знак=2
15:57:11 [INFO] core.worker:    Габариты CAD: 95.9 x 59.3 x 64.0 мм  (диаг. 129.6 мм)
15:57:11 [INFO] core.worker:    Габариты скана: 95.9 x 59.3 x 64.0 мм  (диаг. 129.6 мм)
15:57:12 [INFO] core.worker:    Неоднозначный знак: 2 точек (0.0%) — точки у рёбер/кромок
15:57:12 [INFO] core.worker: ⑤ Раскраска облака точек по отклонениям...
15:57:12 [INFO] core.worker: ✓ Анализ завершён! Среднее отклонение: -0.0034 мм, в допуске: 88.2%
15:57:12 [INFO] core.project_manager: Результаты анализа сохранены в ProjectManager
15:57:31 [INFO] core.project_manager: NPZ сайдкар сохранён: C:/module/project.npz
15:57:31 [INFO] core.project_manager: Проект сохранён: C:/module/project.json
15:58:18 [INFO] core.project_manager: Конфиг сохранён: config.json
15:58:18 [INFO] main: Приложение завершено с кодом 0
15:58:22 [INFO] main: ============================================================
15:58:22 [INFO] main: Запуск приложения
15:58:22 [INFO] root: Конфигурация загружена из config.json
15:58:32 [INFO] core.project_manager: ProjectManager инициализирован
15:58:34 [INFO] ui.main_window: Главное окно инициализировано
15:58:34 [INFO] main: Главное окно открыто
15:58:43 [INFO] core.project_manager: Загрузка CAD-модели: C:/module/Green_Alien.stl
15:58:44 [INFO] core.project_manager: CAD: масштаб не применяется (единица: mm)
15:58:44 [INFO] core.project_manager: CAD загружена: 615,460 вершин, 206,140 треугольников
15:58:44 [INFO] core.project_manager: Загрузка облака точек: C:/module/scan.ply
15:58:44 [INFO] core.project_manager: Скан: масштаб не применяется (единица: as_is)
15:58:44 [INFO] core.project_manager: Скан загружен: 76,784 точек
15:58:44 [INFO] core.project_manager: NPZ сайдкар загружен: C:/module/project.npz
15:58:44 [INFO] core.project_manager: Проект загружен: C:/module/project.json
15:58:44 [INFO] core.algorithms.deviation: Статистика: среднее=-0.0034, RMSE=0.0470, макс|отклонение|=0.8305, в допуске=88.2%, избыток=3970, недостаток=5014, неоднозначный знак=2
15:59:02 [INFO] core.project_manager: Конфиг сохранён: config.json
15:59:02 [INFO] main: Приложение завершено с кодом 0
16:02:05 [INFO] main: ============================================================
16:02:05 [INFO] main: Запуск приложения
16:02:05 [INFO] root: Конфигурация загружена из config.json
16:02:12 [INFO] core.project_manager: ProjectManager инициализирован
16:02:13 [INFO] ui.main_window: Главное окно инициализировано
16:02:13 [INFO] main: Главное окно открыто
16:02:28 [INFO] core.project_manager: Загрузка CAD-модели: C:/module/Green_Alien.stl
16:02:29 [INFO] core.project_manager: CAD: масштаб не применяется (единица: mm)
16:02:29 [INFO] core.project_manager: CAD загружена: 615,460 вершин, 206,140 треугольников
16:02:30 [INFO] core.project_manager: Конфиг сохранён: config.json
16:02:30 [INFO] main: Приложение завершено с кодом 0
16:02:33 [INFO] main: ============================================================
16:02:33 [INFO] main: Запуск приложения
16:02:33 [INFO] root: Конфигурация загружена из config.json
16:02:39 [INFO] core.project_manager: ProjectManager инициализирован
16:02:39 [INFO] ui.main_window: Главное окно инициализировано
16:02:39 [INFO] main: Главное окно открыто
16:03:02 [INFO] core.project_manager: Загрузка CAD-модели: C:/module/tests/fixtures/L_shape.stl
16:03:02 [INFO] core.project_manager: CAD: масштаб не применяется (единица: mm)
16:03:02 [INFO] core.project_manager: CAD загружена: 44 вершин, 24 треугольников
16:03:04 [INFO] core.project_manager: Загрузка облака точек: C:/module/tests/fixtures/scan_flipped.ply
16:03:04 [INFO] core.project_manager: Скан: масштаб не применяется (единица: as_is)
16:03:04 [INFO] core.project_manager: Скан загружен: 10,000 точек
16:03:05 [INFO] core.worker: ① Предобработка облака точек...
16:03:05 [INFO] core.algorithms.preprocessing: SOR: начало. Точек до фильтрации: 10,000
16:03:05 [INFO] core.algorithms.preprocessing: SOR: удалено 3,103 выбросов. Осталось: 6,897 точек
16:03:05 [INFO] core.algorithms.preprocessing: Авто voxel_size = 1.8327 (1.5% от диагонали bbox облака 122.18)
16:03:05 [INFO] core.algorithms.preprocessing: Voxel Grid: начало. voxel_size=1.8327. Точек: 6,897
16:03:05 [INFO] core.algorithms.preprocessing: Voxel Grid: 6,897 → 2,944 точек (уменьшено в 2.3x)
16:03:05 [INFO] core.worker:    Предобработка завершена. Осталось точек: 6,897 (полное), 2,944 (прореженное)
16:03:05 [INFO] core.worker: ② Регистрация (совмещение скана с CAD-моделью)...
16:03:05 [INFO] core.algorithms.registration: Размер модели: [100.  30.  60.] мм, диагональ: 120.42 мм
16:03:05 [INFO] core.algorithms.registration: Адаптивные параметры: voxel=2.408, fpfh_r=6.021, ransac_d=3.612
16:03:05 [INFO] core.algorithms.registration: Пересчитываем прореживание: preprocessing voxel=1.8327, адаптивный voxel=2.4083 (разница > 20%)
16:03:05 [INFO] core.algorithms.registration: Предвыравнивание: смещение [ 27.298   0.091 -17.517] мм
16:03:05 [INFO] core.algorithms.registration: Вычисление FPFH-дескрипторов...
16:03:05 [INFO] core.algorithms.registration: PCA: добавлено 4 гипотез
16:03:05 [INFO] core.algorithms.registration: Запуск RANSAC (6 попыток, до 200000 итераций, top_k=4)...
16:03:06 [INFO] core.algorithms.registration:   RANSAC [1/6]: fitness=0.4427, rmse=1.8644
16:03:07 [INFO] core.algorithms.registration:   RANSAC [2/6]: fitness=0.4985, rmse=1.7173
16:03:08 [INFO] core.algorithms.registration:   RANSAC [3/6]: fitness=0.4287, rmse=2.0291
16:03:09 [INFO] core.algorithms.registration:   RANSAC [4/6]: fitness=0.4194, rmse=1.6076
16:03:10 [INFO] core.algorithms.registration:   RANSAC [5/6]: fitness=0.5000, rmse=1.9827
16:03:11 [INFO] core.algorithms.registration:   RANSAC [6/6]: fitness=0.3311, rmse=1.9912
16:03:11 [INFO] core.algorithms.registration: RANSAC топ-4: fitness=['0.5000', '0.4985', '0.4427', '0.4287']
16:03:11 [INFO] core.algorithms.registration: Пул гипотез: 9 (identity=1 + PCA=4 + RANSAC top-4)
16:03:11 [INFO] core.algorithms.registration:   Гипотеза 0: C2M-RMSE=10.1767 мм
16:03:11 [INFO] core.algorithms.registration:   Гипотеза 1: C2M-RMSE=9.3626 мм
16:03:11 [INFO] core.algorithms.registration:   Гипотеза 2: C2M-RMSE=10.1767 мм
16:03:11 [INFO] core.algorithms.registration:   Гипотеза 3: C2M-RMSE=0.1359 мм
16:03:11 [INFO] core.algorithms.registration:   Гипотеза 4: C2M-RMSE=5.9586 мм
16:03:11 [INFO] core.algorithms.registration:   Гипотеза 5: C2M-RMSE=28.2620 мм
16:03:11 [INFO] core.algorithms.registration:   Гипотеза 6: C2M-RMSE=7.4459 мм
16:03:11 [INFO] core.algorithms.registration:   Гипотеза 7: C2M-RMSE=28.3969 мм
16:03:11 [INFO] core.algorithms.registration:   Гипотеза 8: C2M-RMSE=15.0902 мм
16:03:11 [INFO] core.algorithms.registration: Победитель: C2M-RMSE=0.1359 мм
16:03:11 [INFO] core.algorithms.registration: Финальный ICP от уточнённой матрицы победителя: грубый=4.215 мм (3.5%), точный=1.565 мм (1.3%)...
16:03:11 [INFO] core.algorithms.registration: ICP проход 1: rmse=0.378519, fitness=1.0000
16:03:12 [INFO] core.algorithms.registration: ICP проход 2: rmse=0.378519, fitness=1.0000
16:03:12 [INFO] core.algorithms.registration: Диагностика: сдвиг точного прохода=0.0000 мм, поворот=0.0000°, rmse_coarse=0.1361 мм, rmse_bestfit=0.1361 мм, absorbed_rmse=0.0000 мм, within_tol_coarse=33.8%, absorbed_within_tol=+0.0 п.п.
16:03:12 [INFO] core.algorithms.registration: Регистрация завершена (режим=best_fit): fitness=1.0000, RMSE=0.378519 мм
16:03:12 [INFO] core.worker:    ICP завершён. RMSE совмещения: 0.378519 мм
16:03:12 [INFO] core.worker:    Точная регистрация сместила деталь на 0.0000 мм / 0.0000°, разница C2M-RMSE: +0.0000 мм
16:03:12 [INFO] core.worker:    Точная регистрация повысила долю в допуске на +0.0 п.п. (с 33.8% до 33.8%) — мера маскировки
16:03:12 [INFO] core.worker: ③ Вычисление отклонений (Cloud-to-Mesh)...
16:03:12 [INFO] core.worker:    ⚠ Предупреждение: модель не является замкнутой (watertight). Знак отклонения восстановлен по нормали ближайшей грани.
16:03:12 [INFO] core.algorithms.deviation: Cloud-to-Mesh: вычисление отклонений...
16:03:12 [WARNING] core.algorithms.deviation: Модель не является замкнутой (watertight). Знак отклонения эвристический — определяется по нормали ближайшей грани. Надёжен только для замкнутых моделей; флаг ambiguous отмечает точки у рёбер/кромок.
16:03:12 [INFO] core.algorithms.deviation: Отклонения вычислены. Мин: -0.6411, Макс: 0.6607, Среднее: 0.0000
16:03:12 [INFO] core.worker: ④ Вычисление статистики...
16:03:12 [INFO] core.algorithms.deviation: Статистика: среднее=0.0000, RMSE=0.1958, макс|отклонение|=0.6607, в допуске=20.6%, избыток=2731, недостаток=2745, неоднозначный знак=1
16:03:12 [INFO] core.worker:    Габариты CAD: 114.2 x 66.5 x 30.0 мм  (диаг. 135.5 мм)
16:03:12 [INFO] core.worker:    Габариты скана: 114.7 x 66.7 x 31.1 мм  (диаг. 136.3 мм)
16:03:12 [INFO] core.worker:    Неоднозначный знак: 1 точек (0.0%) — точки у рёбер/кромок
16:03:12 [INFO] core.worker: ⑤ Раскраска облака точек по отклонениям...
16:03:12 [INFO] core.worker: ✓ Анализ завершён! Среднее отклонение: +0.0000 мм, в допуске: 20.6%
16:03:27 [INFO] core.project_manager: Результаты анализа сохранены в ProjectManager
16:03:48 [INFO] core.worker: ① Предобработка облака точек...
16:03:48 [INFO] core.algorithms.preprocessing: SOR: начало. Точек до фильтрации: 10,000
16:03:48 [INFO] core.algorithms.preprocessing: SOR: удалено 545 выбросов. Осталось: 9,455 точек
16:03:48 [INFO] core.algorithms.preprocessing: Авто voxel_size = 1.8336 (1.5% от диагонали bbox облака 122.24)
16:03:48 [INFO] core.algorithms.preprocessing: Voxel Grid: начало. voxel_size=1.8336. Точек: 9,455
16:03:48 [INFO] core.algorithms.preprocessing: Voxel Grid: 9,455 → 4,272 точек (уменьшено в 2.2x)
16:03:48 [INFO] core.worker:    Предобработка завершена. Осталось точек: 9,455 (полное), 4,272 (прореженное)
16:03:48 [INFO] core.worker: ② Регистрация (совмещение скана с CAD-моделью)...
16:03:48 [INFO] core.algorithms.registration: Размер модели: [100.  30.  60.] мм, диагональ: 120.42 мм
16:03:48 [INFO] core.algorithms.registration: Адаптивные параметры: voxel=2.408, fpfh_r=6.021, ransac_d=3.612
16:03:48 [INFO] core.algorithms.registration: Пересчитываем прореживание: preprocessing voxel=1.8336, адаптивный voxel=2.4083 (разница > 20%)
16:03:48 [INFO] core.algorithms.registration: Предвыравнивание: смещение [ 26.039   0.125 -17.781] мм
16:03:48 [INFO] core.algorithms.registration: Вычисление FPFH-дескрипторов...
16:03:49 [INFO] core.algorithms.registration: PCA: добавлено 4 гипотез
16:03:49 [INFO] core.algorithms.registration: Запуск RANSAC (6 попыток, до 200000 итераций, top_k=4)...
16:03:50 [INFO] core.algorithms.registration:   RANSAC [1/6]: fitness=0.3590, rmse=2.0252
16:03:51 [INFO] core.algorithms.registration:   RANSAC [2/6]: fitness=0.4342, rmse=1.9911
16:03:53 [INFO] core.algorithms.registration:   RANSAC [3/6]: fitness=0.4185, rmse=1.9310
16:03:54 [INFO] core.algorithms.registration:   RANSAC [4/6]: fitness=0.5400, rmse=1.8861
16:03:55 [INFO] core.algorithms.registration:   RANSAC [5/6]: fitness=0.3003, rmse=1.8938
16:03:56 [INFO] core.algorithms.registration:   RANSAC [6/6]: fitness=0.5004, rmse=2.0648
16:03:56 [INFO] core.algorithms.registration: RANSAC топ-4: fitness=['0.5400', '0.5004', '0.4342', '0.4185']
16:03:56 [INFO] core.algorithms.registration: Пул гипотез: 9 (identity=1 + PCA=4 + RANSAC top-4)
16:03:56 [INFO] core.algorithms.registration:   Гипотеза 0: C2M-RMSE=11.7749 мм
16:03:56 [INFO] core.algorithms.registration:   Гипотеза 1: C2M-RMSE=7.3998 мм
16:03:56 [INFO] core.algorithms.registration:   Гипотеза 2: C2M-RMSE=11.4361 мм
16:03:56 [INFO] core.algorithms.registration:   Гипотеза 3: C2M-RMSE=0.1364 мм
16:03:56 [INFO] core.algorithms.registration:   Гипотеза 4: C2M-RMSE=6.2549 мм
16:03:56 [INFO] core.algorithms.registration:   Гипотеза 5: C2M-RMSE=0.1364 мм
16:03:56 [INFO] core.algorithms.registration:   Гипотеза 6: C2M-RMSE=0.1364 мм
16:03:56 [INFO] core.algorithms.registration:   Гипотеза 7: C2M-RMSE=28.6264 мм
16:03:56 [INFO] core.algorithms.registration:   Гипотеза 8: C2M-RMSE=0.1364 мм
16:03:56 [INFO] core.algorithms.registration: Победитель: C2M-RMSE=0.1364 мм
16:03:56 [INFO] core.algorithms.registration: Финальный ICP от уточнённой матрицы победителя: грубый=4.215 мм (3.5%), точный=1.565 мм (1.3%)...
16:03:56 [INFO] core.algorithms.registration: ICP проход 1: rmse=0.381828, fitness=1.0000
16:03:56 [INFO] core.algorithms.registration: ICP проход 2: rmse=0.381828, fitness=1.0000
16:03:56 [INFO] core.algorithms.registration: Диагностика: сдвиг точного прохода=0.0000 мм, поворот=0.0000°, rmse_coarse=0.1365 мм, rmse_bestfit=0.1365 мм, absorbed_rmse=0.0000 мм, within_tol_coarse=33.5%, absorbed_within_tol=+0.0 п.п.
16:03:56 [INFO] core.algorithms.registration: Регистрация завершена (режим=best_fit): fitness=1.0000, RMSE=0.381828 мм
16:03:56 [INFO] core.worker:    ICP завершён. RMSE совмещения: 0.381828 мм
16:03:56 [INFO] core.worker:    Точная регистрация сместила деталь на 0.0000 мм / 0.0000°, разница C2M-RMSE: +0.0000 мм
16:03:56 [INFO] core.worker:    Точная регистрация повысила долю в допуске на +0.0 п.п. (с 33.5% до 33.5%) — мера маскировки
16:03:56 [INFO] core.worker: ③ Вычисление отклонений (Cloud-to-Mesh)...
16:03:56 [INFO] core.worker:    ⚠ Предупреждение: модель не является замкнутой (watertight). Знак отклонения восстановлен по нормали ближайшей грани.
16:03:56 [INFO] core.algorithms.deviation: Cloud-to-Mesh: вычисление отклонений...
16:03:56 [WARNING] core.algorithms.deviation: Модель не является замкнутой (watertight). Знак отклонения эвристический — определяется по нормали ближайшей грани. Надёжен только для замкнутых моделей; флаг ambiguous отмечает точки у рёбер/кромок.
16:03:56 [INFO] core.algorithms.deviation: Отклонения вычислены. Мин: -0.7354, Макс: 0.6618, Среднее: 0.0036
16:03:56 [INFO] core.worker: ④ Вычисление статистики...
16:03:56 [INFO] core.algorithms.deviation: Статистика: среднее=0.0036, RMSE=0.1986, макс|отклонение|=0.7354, в допуске=20.1%, избыток=3828, недостаток=3725, неоднозначный знак=2
16:03:56 [INFO] core.worker:    Габариты CAD: 114.2 x 66.5 x 30.0 мм  (диаг. 135.5 мм)
16:03:56 [INFO] core.worker:    Габариты скана: 114.7 x 67.0 x 31.2 мм  (диаг. 136.4 мм)
16:03:56 [INFO] core.worker:    Неоднозначный знак: 2 точек (0.0%) — точки у рёбер/кромок
16:03:56 [INFO] core.worker: ⑤ Раскраска облака точек по отклонениям...
16:03:56 [INFO] core.worker: ✓ Анализ завершён! Среднее отклонение: +0.0036 мм, в допуске: 20.1%
16:03:59 [INFO] core.project_manager: Результаты анализа сохранены в ProjectManager
16:04:18 [INFO] core.algorithms.deviation: Статистика: среднее=0.0036, RMSE=0.1986, макс|отклонение|=0.7354, в допуске=68.5%, избыток=1545, недостаток=1435, неоднозначный знак=2
16:04:20 [INFO] core.worker: ① Предобработка облака точек...
16:04:20 [INFO] core.algorithms.preprocessing: SOR: начало. Точек до фильтрации: 10,000
16:04:20 [INFO] core.algorithms.preprocessing: SOR: удалено 545 выбросов. Осталось: 9,455 точек
16:04:20 [INFO] core.algorithms.preprocessing: Авто voxel_size = 1.8336 (1.5% от диагонали bbox облака 122.24)
16:04:20 [INFO] core.algorithms.preprocessing: Voxel Grid: начало. voxel_size=1.8336. Точек: 9,455
16:04:20 [INFO] core.algorithms.preprocessing: Voxel Grid: 9,455 → 4,272 точек (уменьшено в 2.2x)
16:04:20 [INFO] core.worker:    Предобработка завершена. Осталось точек: 9,455 (полное), 4,272 (прореженное)
16:04:20 [INFO] core.worker: ② Регистрация (совмещение скана с CAD-моделью)...
16:04:20 [INFO] core.algorithms.registration: Размер модели: [100.  30.  60.] мм, диагональ: 120.42 мм
16:04:20 [INFO] core.algorithms.registration: Адаптивные параметры: voxel=2.408, fpfh_r=6.021, ransac_d=3.612
16:04:20 [INFO] core.algorithms.registration: Пересчитываем прореживание: preprocessing voxel=1.8336, адаптивный voxel=2.4083 (разница > 20%)
16:04:21 [INFO] core.algorithms.registration: Предвыравнивание: смещение [ 26.13    0.143 -17.652] мм
16:04:21 [INFO] core.algorithms.registration: Вычисление FPFH-дескрипторов...
16:04:21 [INFO] core.algorithms.registration: PCA: добавлено 4 гипотез
16:04:21 [INFO] core.algorithms.registration: Запуск RANSAC (6 попыток, до 200000 итераций, top_k=4)...
16:04:22 [INFO] core.algorithms.registration:   RANSAC [1/6]: fitness=0.4753, rmse=1.9458
16:04:23 [INFO] core.algorithms.registration:   RANSAC [2/6]: fitness=0.4480, rmse=1.9258
16:04:25 [INFO] core.algorithms.registration:   RANSAC [3/6]: fitness=0.3758, rmse=1.8464
16:04:26 [INFO] core.algorithms.registration:   RANSAC [4/6]: fitness=0.4454, rmse=1.7192
16:04:27 [INFO] core.algorithms.registration:   RANSAC [5/6]: fitness=0.4989, rmse=2.0943
16:04:28 [INFO] core.algorithms.registration:   RANSAC [6/6]: fitness=0.4144, rmse=1.9888
16:04:28 [INFO] core.algorithms.registration: RANSAC топ-4: fitness=['0.4989', '0.4753', '0.4480', '0.4454']
16:04:28 [INFO] core.algorithms.registration: Пул гипотез: 9 (identity=1 + PCA=4 + RANSAC top-4)
16:04:28 [INFO] core.algorithms.registration:   Гипотеза 0: C2M-RMSE=11.8016 мм
16:04:28 [INFO] core.algorithms.registration:   Гипотеза 1: C2M-RMSE=11.4172 мм
16:04:28 [INFO] core.algorithms.registration:   Гипотеза 2: C2M-RMSE=7.3897 мм
16:04:28 [INFO] core.algorithms.registration:   Гипотеза 3: C2M-RMSE=6.2622 мм
16:04:28 [INFO] core.algorithms.registration:   Гипотеза 4: C2M-RMSE=0.1365 мм
16:04:28 [INFO] core.algorithms.registration:   Гипотеза 5: C2M-RMSE=0.1364 мм
16:04:28 [INFO] core.algorithms.registration:   Гипотеза 6: C2M-RMSE=15.3345 мм
16:04:29 [INFO] core.algorithms.registration:   Гипотеза 7: C2M-RMSE=15.3345 мм
16:04:29 [INFO] core.algorithms.registration:   Гипотеза 8: C2M-RMSE=9.8925 мм
16:04:29 [INFO] core.algorithms.registration: Победитель: C2M-RMSE=0.1364 мм
16:04:29 [INFO] core.algorithms.registration: Финальный ICP от уточнённой матрицы победителя: грубый=4.215 мм (3.5%), точный=1.565 мм (1.3%)...
16:04:29 [INFO] core.algorithms.registration: ICP проход 1: rmse=0.382074, fitness=1.0000
16:04:29 [INFO] core.algorithms.registration: ICP проход 2: rmse=0.382076, fitness=1.0000
16:04:29 [INFO] core.algorithms.registration: Диагностика: сдвиг точного прохода=0.0003 мм, поворот=0.0003°, rmse_coarse=0.1365 мм, rmse_bestfit=0.1365 мм, absorbed_rmse=-0.0000 мм, within_tol_coarse=89.2%, absorbed_within_tol=+0.0 п.п.
16:04:29 [INFO] core.algorithms.registration: Регистрация завершена (режим=best_fit): fitness=1.0000, RMSE=0.382076 мм
16:04:29 [INFO] core.worker:    ICP завершён. RMSE совмещения: 0.382076 мм
16:04:29 [INFO] core.worker:    Точная регистрация сместила деталь на 0.0003 мм / 0.0003°, разница C2M-RMSE: -0.0000 мм
16:04:29 [INFO] core.worker:    Точная регистрация повысила долю в допуске на +0.0 п.п. (с 89.2% до 89.2%) — мера маскировки
16:04:29 [INFO] core.worker: ③ Вычисление отклонений (Cloud-to-Mesh)...
16:04:29 [INFO] core.worker:    ⚠ Предупреждение: модель не является замкнутой (watertight). Знак отклонения восстановлен по нормали ближайшей грани.
16:04:29 [INFO] core.algorithms.deviation: Cloud-to-Mesh: вычисление отклонений...
16:04:29 [WARNING] core.algorithms.deviation: Модель не является замкнутой (watertight). Знак отклонения эвристический — определяется по нормали ближайшей грани. Надёжен только для замкнутых моделей; флаг ambiguous отмечает точки у рёбер/кромок.
16:04:29 [INFO] core.algorithms.deviation: Отклонения вычислены. Мин: -0.7394, Макс: 0.6602, Среднее: 0.0035
16:04:29 [INFO] core.worker: ④ Вычисление статистики...
16:04:29 [INFO] core.algorithms.deviation: Статистика: среднее=0.0035, RMSE=0.1986, макс|отклонение|=0.7394, в допуске=68.5%, избыток=1545, недостаток=1430, неоднозначный знак=1
16:04:29 [INFO] core.worker:    Габариты CAD: 114.2 x 66.5 x 30.0 мм  (диаг. 135.5 мм)
16:04:29 [INFO] core.worker:    Габариты скана: 114.7 x 67.0 x 31.2 мм  (диаг. 136.4 мм)
16:04:29 [INFO] core.worker:    Неоднозначный знак: 1 точек (0.0%) — точки у рёбер/кромок
16:04:29 [INFO] core.worker: ⑤ Раскраска облака точек по отклонениям...
16:04:29 [INFO] core.worker: ✓ Анализ завершён! Среднее отклонение: +0.0035 мм, в допуске: 68.5%
16:04:29 [INFO] core.project_manager: Результаты анализа сохранены в ProjectManager
14:39:30 [INFO] main: ============================================================
14:39:30 [INFO] main: Запуск приложения
14:39:30 [INFO] root: Конфигурация загружена из config.json
14:39:52 [INFO] core.project_manager: ProjectManager инициализирован
14:39:55 [INFO] ui.main_window: Главное окно инициализировано
14:39:55 [INFO] main: Главное окно открыто
14:40:19 [INFO] core.project_manager: Загрузка CAD-модели: C:/module/Green_Alien.stl
14:40:20 [INFO] core.project_manager: CAD: масштаб не применяется (единица: mm)
14:40:20 [INFO] core.project_manager: CAD загружена: 615,460 вершин, 206,140 треугольников
14:40:20 [INFO] core.project_manager: Загрузка облака точек: C:/module/scan.ply
14:40:20 [INFO] core.project_manager: Скан: масштаб не применяется (единица: as_is)
14:40:20 [INFO] core.project_manager: Скан загружен: 76,784 точек
14:40:20 [INFO] core.project_manager: NPZ сайдкар загружен: C:/module/project.npz
14:40:20 [INFO] core.project_manager: Проект загружен: C:/module/project.json
14:40:20 [INFO] core.algorithms.deviation: Статистика: среднее=-0.0034, RMSE=0.0470, макс|отклонение|=0.8305, в допуске=88.2%, избыток=3970, недостаток=5014, неоднозначный знак=2
14:40:42 [INFO] core.worker: ① Предобработка облака точек...
14:40:42 [INFO] core.algorithms.preprocessing: SOR: начало. Точек до фильтрации: 76,784
14:40:43 [INFO] core.algorithms.preprocessing: SOR: удалено 381 выбросов. Осталось: 76,403 точек
14:40:43 [INFO] core.algorithms.preprocessing: Авто voxel_size = 1.8557 (1.5% от диагонали bbox облака 123.72)
14:40:43 [INFO] core.algorithms.preprocessing: Voxel Grid: начало. voxel_size=1.8557. Точек: 76,403
14:40:43 [INFO] core.algorithms.preprocessing: Voxel Grid: 76,403 → 3,827 точек (уменьшено в 20.0x)
14:40:43 [INFO] core.worker:    Предобработка завершена. Осталось точек: 76,403 (полное), 3,827 (прореженное)
14:40:43 [INFO] core.worker: ② Регистрация (совмещение скана с CAD-моделью)...
14:40:43 [INFO] core.algorithms.registration: Размер модели: [64.11 64.01 80.  ] мм, диагональ: 120.86 мм
14:40:43 [INFO] core.algorithms.registration: Адаптивные параметры: voxel=2.417, fpfh_r=6.043, ransac_d=3.626
14:40:43 [INFO] core.algorithms.registration: Пересчитываем прореживание: preprocessing voxel=1.8557, адаптивный voxel=2.4173 (разница > 20%)
14:40:45 [INFO] core.algorithms.registration: Предвыравнивание: смещение [16.456 14.406 -8.868] мм
14:40:45 [INFO] core.algorithms.registration: Вычисление FPFH-дескрипторов...
14:40:46 [INFO] core.algorithms.registration: PCA: добавлено 4 гипотез
14:40:46 [INFO] core.algorithms.registration: Запуск RANSAC (6 попыток, до 200000 итераций, top_k=4)...
14:40:51 [INFO] core.algorithms.registration:   RANSAC [1/6]: fitness=1.0000, rmse=1.3504
14:40:56 [INFO] core.algorithms.registration:   RANSAC [2/6]: fitness=0.9724, rmse=1.4685
14:41:01 [INFO] core.algorithms.registration:   RANSAC [3/6]: fitness=0.9816, rmse=1.3528
14:41:06 [INFO] core.algorithms.registration:   RANSAC [4/6]: fitness=0.9991, rmse=1.2976
14:41:11 [INFO] core.algorithms.registration:   RANSAC [5/6]: fitness=1.0000, rmse=0.5859
14:41:14 [INFO] core.algorithms.registration:   RANSAC [6/6]: fitness=1.0000, rmse=1.2850
14:41:14 [INFO] core.algorithms.registration: RANSAC топ-4: fitness=['1.0000', '1.0000', '1.0000', '0.9991']
14:41:14 [INFO] core.algorithms.registration: Пул гипотез: 9 (identity=1 + PCA=4 + RANSAC top-4)
14:41:15 [INFO] core.algorithms.registration:   Гипотеза 0: C2M-RMSE=0.1088 мм
14:41:17 [INFO] core.algorithms.registration:   Гипотеза 1: C2M-RMSE=9.2867 мм
14:41:18 [INFO] core.algorithms.registration:   Гипотеза 2: C2M-RMSE=0.1088 мм
14:41:18 [INFO] core.algorithms.registration:   Гипотеза 3: C2M-RMSE=14.5692 мм
14:41:18 [INFO] core.algorithms.registration:   Гипотеза 4: C2M-RMSE=11.2589 мм
14:41:18 [INFO] core.algorithms.registration:   Гипотеза 5: C2M-RMSE=0.1088 мм
14:41:19 [INFO] core.algorithms.registration:   Гипотеза 6: C2M-RMSE=0.1088 мм
14:41:19 [INFO] core.algorithms.registration:   Гипотеза 7: C2M-RMSE=0.1088 мм
14:41:20 [INFO] core.algorithms.registration:   Гипотеза 8: C2M-RMSE=0.1088 мм
14:41:20 [INFO] core.algorithms.registration: Победитель: C2M-RMSE=0.1088 мм
14:41:20 [INFO] core.algorithms.registration: Финальный ICP от уточнённой матрицы победителя: грубый=4.230 мм (3.5%), точный=1.571 мм (1.3%)...
14:41:20 [INFO] core.algorithms.registration: ICP проход 1: rmse=0.216857, fitness=1.0000
14:41:21 [INFO] core.algorithms.registration: ICP проход 2: rmse=0.216857, fitness=1.0000
14:41:21 [INFO] core.algorithms.registration: Диагностика: сдвиг точного прохода=0.0000 мм, поворот=0.0000°, rmse_coarse=0.1089 мм, rmse_bestfit=0.1089 мм, absorbed_rmse=0.0000 мм, within_tol_coarse=59.1%, absorbed_within_tol=+0.0 п.п.
14:41:21 [INFO] core.algorithms.registration: Регистрация завершена (режим=best_fit): fitness=1.0000, RMSE=0.216857 мм
14:41:21 [INFO] core.worker:    ICP завершён. RMSE совмещения: 0.216857 мм
14:41:21 [INFO] core.worker:    Точная регистрация сместила деталь на 0.0000 мм / 0.0000°, разница C2M-RMSE: +0.0000 мм
14:41:21 [INFO] core.worker:    Точная регистрация повысила долю в допуске на +0.0 п.п. (с 59.1% до 59.1%) — мера маскировки
14:41:21 [INFO] core.worker: ③ Вычисление отклонений (Cloud-to-Mesh)...
14:41:22 [INFO] core.worker:    ⚠ Предупреждение: модель не является замкнутой (watertight). Знак отклонения восстановлен по нормали ближайшей грани.
14:41:22 [INFO] core.algorithms.deviation: Cloud-to-Mesh: вычисление отклонений...
14:41:24 [WARNING] core.algorithms.deviation: Модель не является замкнутой (watertight). Знак отклонения эвристический — определяется по нормали ближайшей грани. Надёжен только для замкнутых моделей; флаг ambiguous отмечает точки у рёбер/кромок.
14:41:24 [INFO] core.algorithms.deviation: Отклонения вычислены. Мин: -0.8122, Макс: 0.8309, Среднее: -0.0034
14:41:25 [INFO] core.worker: ④ Вычисление статистики...
14:41:26 [INFO] core.algorithms.deviation: Статистика: среднее=-0.0034, RMSE=0.0470, макс|отклонение|=0.8309, в допуске=88.3%, избыток=3964, недостаток=4989, неоднозначный знак=4
14:41:27 [INFO] core.worker:    Габариты CAD: 95.9 x 59.3 x 64.0 мм  (диаг. 129.6 мм)
14:41:27 [INFO] core.worker:    Габариты скана: 95.9 x 59.3 x 64.0 мм  (диаг. 129.6 мм)
14:41:28 [INFO] core.worker:    Неоднозначный знак: 4 точек (0.0%) — точки у рёбер/кромок
14:41:28 [INFO] core.worker: ⑤ Раскраска облака точек по отклонениям...
14:41:29 [INFO] core.worker: ✓ Анализ завершён! Среднее отклонение: -0.0034 мм, в допуске: 88.3%
14:41:29 [INFO] core.project_manager: Результаты анализа сохранены в ProjectManager
14:42:12 [INFO] core.worker: Базовый режим: используются параметры по умолчанию
14:42:12 [INFO] core.worker: ① Предобработка облака точек...
14:42:12 [INFO] core.algorithms.preprocessing: SOR: начало. Точек до фильтрации: 76,784
14:42:13 [INFO] core.algorithms.preprocessing: SOR: удалено 347 выбросов. Осталось: 76,437 точек
14:42:13 [INFO] core.algorithms.preprocessing: Авто voxel_size = 1.8579 (1.5% от диагонали bbox облака 123.86)
14:42:13 [INFO] core.algorithms.preprocessing: Voxel Grid: начало. voxel_size=1.8579. Точек: 76,437
14:42:13 [INFO] core.algorithms.preprocessing: Voxel Grid: 76,437 → 3,827 точек (уменьшено в 20.0x)
14:42:13 [INFO] core.worker:    Предобработка завершена. Осталось точек: 76,437 (полное), 3,827 (прореженное)
14:42:13 [INFO] core.worker: ② Регистрация (совмещение скана с CAD-моделью)...
14:42:13 [INFO] core.algorithms.registration: Размер модели: [64.11 64.01 80.  ] мм, диагональ: 120.86 мм
14:42:13 [INFO] core.algorithms.registration: Адаптивные параметры: voxel=2.417, fpfh_r=6.043, ransac_d=3.626
14:42:13 [INFO] core.algorithms.registration: Пересчитываем прореживание: preprocessing voxel=1.8579, адаптивный voxel=2.4173 (разница > 20%)
14:42:14 [INFO] core.algorithms.registration: Предвыравнивание: смещение [16.29  14.452 -8.904] мм
14:42:14 [INFO] core.algorithms.registration: Вычисление FPFH-дескрипторов...
14:42:14 [INFO] core.algorithms.registration: PCA: добавлено 4 гипотез
14:42:14 [INFO] core.algorithms.registration: Запуск RANSAC (5 попыток, до 200000 итераций, top_k=4)...
14:42:18 [INFO] core.algorithms.registration:   RANSAC [1/5]: fitness=0.9587, rmse=1.7419
14:42:21 [INFO] core.algorithms.registration:   RANSAC [2/5]: fitness=1.0000, rmse=1.1004
14:42:25 [INFO] core.algorithms.registration:   RANSAC [3/5]: fitness=0.9991, rmse=1.3082
14:42:29 [INFO] core.algorithms.registration:   RANSAC [4/5]: fitness=0.9574, rmse=1.8076
14:42:33 [INFO] core.algorithms.registration:   RANSAC [5/5]: fitness=0.9978, rmse=1.5309
14:42:33 [INFO] core.algorithms.registration: RANSAC топ-4: fitness=['1.0000', '0.9991', '0.9978', '0.9587']
14:42:33 [INFO] core.algorithms.registration: Пул гипотез: 9 (identity=1 + PCA=4 + RANSAC top-4)
14:42:33 [INFO] core.algorithms.registration:   Гипотеза 0: C2M-RMSE=0.1841 мм
14:42:33 [INFO] core.algorithms.registration:   Гипотеза 1: C2M-RMSE=9.1790 мм
14:42:33 [INFO] core.algorithms.registration:   Гипотеза 2: C2M-RMSE=0.1841 мм
14:42:33 [INFO] core.algorithms.registration:   Гипотеза 3: C2M-RMSE=14.3576 мм
14:42:33 [INFO] core.algorithms.registration:   Гипотеза 4: C2M-RMSE=10.6641 мм
14:42:33 [INFO] core.algorithms.registration:   Гипотеза 5: C2M-RMSE=0.1841 мм
14:42:34 [INFO] core.algorithms.registration:   Гипотеза 6: C2M-RMSE=0.1841 мм
14:42:34 [INFO] core.algorithms.registration:   Гипотеза 7: C2M-RMSE=0.1841 мм
14:42:34 [INFO] core.algorithms.registration:   Гипотеза 8: C2M-RMSE=0.1841 мм
14:42:34 [INFO] core.algorithms.registration: Победитель: C2M-RMSE=0.1841 мм
14:42:34 [INFO] core.algorithms.registration: Финальный ICP от уточнённой матрицы победителя: грубый=6.043 мм (5.0%), точный=1.209 мм (1.0%)...
14:42:34 [INFO] core.algorithms.registration: ICP проход 1: rmse=0.218962, fitness=1.0000
14:42:34 [INFO] core.algorithms.registration: ICP проход 2: rmse=0.216968, fitness=0.9997
14:42:34 [INFO] core.algorithms.registration: Диагностика: сдвиг точного прохода=0.0005 мм, поворот=0.0003°, rmse_coarse=0.1841 мм, rmse_bestfit=0.1841 мм, absorbed_rmse=-0.0000 мм, within_tol_coarse=58.3%, absorbed_within_tol=+0.0 п.п.
14:42:34 [INFO] core.algorithms.registration: Регистрация завершена (режим=best_fit): fitness=0.9997, RMSE=0.216968 мм
14:42:34 [INFO] core.worker:    ICP завершён. RMSE совмещения: 0.216968 мм
14:42:34 [INFO] core.worker:    Точная регистрация сместила деталь на 0.0005 мм / 0.0003°, разница C2M-RMSE: -0.0000 мм
14:42:34 [INFO] core.worker:    Точная регистрация повысила долю в допуске на +0.0 п.п. (с 58.3% до 58.3%) — мера маскировки
14:42:34 [INFO] core.worker: ③ Вычисление отклонений (Cloud-to-Mesh)...
14:42:35 [INFO] core.worker:    ⚠ Предупреждение: модель не является замкнутой (watertight). Знак отклонения восстановлен по нормали ближайшей грани.
14:42:35 [INFO] core.algorithms.deviation: Cloud-to-Mesh: вычисление отклонений...
14:42:37 [WARNING] core.algorithms.deviation: Модель не является замкнутой (watertight). Знак отклонения эвристический — определяется по нормали ближайшей грани. Надёжен только для замкнутых моделей; флаг ambiguous отмечает точки у рёбер/кромок.
14:42:37 [INFO] core.algorithms.deviation: Отклонения вычислены. Мин: -2.0738, Макс: 2.2570, Среднее: -0.0032
14:42:37 [INFO] core.worker: ④ Вычисление статистики...
14:42:38 [INFO] core.algorithms.deviation: Статистика: среднее=-0.0032, RMSE=0.0558, макс|отклонение|=2.2570, в допуске=88.3%, избыток=3978, недостаток=4997, неоднозначный знак=3
14:42:38 [INFO] core.worker:    Габариты CAD: 95.9 x 59.3 x 64.0 мм  (диаг. 129.6 мм)
14:42:38 [INFO] core.worker:    Габариты скана: 97.2 x 59.3 x 64.0 мм  (диаг. 130.6 мм)
14:42:39 [INFO] core.worker:    Неоднозначный знак: 3 точек (0.0%) — точки у рёбер/кромок
14:42:39 [INFO] core.worker: ⑤ Раскраска облака точек по отклонениям...
14:42:39 [INFO] core.worker: ✓ Анализ завершён! Среднее отклонение: -0.0032 мм, в допуске: 88.3%
14:42:39 [INFO] core.project_manager: Результаты анализа сохранены в ProjectManager
14:45:08 [INFO] core.project_manager: Загрузка облака точек: C:/repos/vuz/course4/2semestr/imba/project/geo_module/nightmare_scan.ply
14:45:08 [INFO] core.project_manager: Скан: масштаб не применяется (единица: as_is)
14:45:08 [INFO] core.project_manager: Скан загружен: 60,000 точек
14:45:09 [INFO] core.worker: Базовый режим: используются параметры по умолчанию
14:45:09 [INFO] core.worker: ① Предобработка облака точек...
14:45:09 [INFO] core.algorithms.preprocessing: SOR: начало. Точек до фильтрации: 60,000
14:45:09 [INFO] core.algorithms.preprocessing: SOR: удалено 1,530 выбросов. Осталось: 58,470 точек
14:45:09 [INFO] core.algorithms.preprocessing: Авто voxel_size = 0.5848 (1.5% от диагонали bbox облака 38.99)
14:45:09 [INFO] core.algorithms.preprocessing: Voxel Grid: начало. voxel_size=0.5848. Точек: 58,470
14:45:09 [INFO] core.algorithms.preprocessing: Voxel Grid: 58,470 → 7,685 точек (уменьшено в 7.6x)
14:45:09 [INFO] core.worker:    Предобработка завершена. Осталось точек: 58,470 (полное), 7,685 (прореженное)
14:45:09 [INFO] core.worker: ② Регистрация (совмещение скана с CAD-моделью)...
14:45:09 [INFO] core.algorithms.registration: Размер модели: [64.11 64.01 80.  ] мм, диагональ: 120.86 мм
14:45:09 [INFO] core.algorithms.registration: Адаптивные параметры: voxel=2.417, fpfh_r=6.043, ransac_d=3.626
14:45:09 [INFO] core.algorithms.registration: Пересчитываем прореживание: preprocessing voxel=0.5848, адаптивный voxel=2.4173 (разница > 20%)
14:45:09 [INFO] core.algorithms.registration: Предвыравнивание: смещение [-50.237 -14.691  57.58 ] мм
14:45:09 [INFO] core.algorithms.registration: Вычисление FPFH-дескрипторов...
14:45:10 [INFO] core.algorithms.registration: PCA: добавлено 4 гипотез
14:45:10 [INFO] core.algorithms.registration: Запуск RANSAC (5 попыток, до 200000 итераций, top_k=4)...
14:45:10 [INFO] core.algorithms.registration:   RANSAC [1/5]: fitness=0.8621, rmse=1.8185
14:45:10 [INFO] core.algorithms.registration:   RANSAC [2/5]: fitness=0.8621, rmse=1.8185
14:45:11 [INFO] core.algorithms.registration:   RANSAC [3/5]: fitness=0.8934, rmse=1.7788
14:45:11 [INFO] core.algorithms.registration:   RANSAC [4/5]: fitness=0.8934, rmse=1.7788
14:45:11 [INFO] core.algorithms.registration:   RANSAC [5/5]: fitness=0.8621, rmse=1.8185
14:45:11 [INFO] core.algorithms.registration: RANSAC топ-4: fitness=['0.8934', '0.8934', '0.8621', '0.8621']
14:45:11 [INFO] core.algorithms.registration: Пул гипотез: 9 (identity=1 + PCA=4 + RANSAC top-4)
14:45:12 [INFO] core.algorithms.registration:   Гипотеза 0: C2M-RMSE=2.1883 мм
14:45:12 [INFO] core.algorithms.registration:   Гипотеза 1: C2M-RMSE=2.2070 мм
14:45:12 [INFO] core.algorithms.registration:   Гипотеза 2: C2M-RMSE=2.1891 мм
14:45:12 [INFO] core.algorithms.registration:   Гипотеза 3: C2M-RMSE=2.0129 мм
14:45:12 [INFO] core.algorithms.registration:   Гипотеза 4: C2M-RMSE=1.8874 мм
14:45:12 [INFO] core.algorithms.registration:   Гипотеза 5: C2M-RMSE=1.6320 мм
14:45:12 [INFO] core.algorithms.registration:   Гипотеза 6: C2M-RMSE=1.6320 мм
14:45:12 [INFO] core.algorithms.registration:   Гипотеза 7: C2M-RMSE=1.6313 мм
14:45:12 [INFO] core.algorithms.registration:   Гипотеза 8: C2M-RMSE=1.6313 мм
14:45:12 [INFO] core.algorithms.registration: Победитель: C2M-RMSE=1.6313 мм
14:45:12 [INFO] core.algorithms.registration: Финальный ICP от уточнённой матрицы победителя: грубый=6.043 мм (5.0%), точный=1.209 мм (1.0%)...
14:45:12 [INFO] core.algorithms.registration: ICP проход 1: rmse=1.646509, fitness=1.0000
14:45:14 [INFO] core.algorithms.registration: ICP проход 2: rmse=0.677323, fitness=0.5265
14:45:14 [INFO] core.algorithms.registration: Диагностика: сдвиг точного прохода=1.9871 мм, поворот=3.9583°, rmse_coarse=1.6375 мм, rmse_bestfit=1.6483 мм, absorbed_rmse=-0.0108 мм, within_tol_coarse=1.6%, absorbed_within_tol=+0.3 п.п.
14:45:14 [INFO] core.algorithms.registration: Регистрация завершена (режим=best_fit): fitness=0.5265, RMSE=0.677323 мм
14:45:14 [INFO] core.worker:    ICP завершён. RMSE совмещения: 0.677323 мм
14:45:14 [INFO] core.worker:    Точная регистрация сместила деталь на 1.9871 мм / 3.9583°, разница C2M-RMSE: -0.0108 мм
14:45:14 [INFO] core.worker:    Точная регистрация повысила долю в допуске на +0.3 п.п. (с 1.6% до 1.9%) — мера маскировки
14:45:14 [INFO] core.worker: ③ Вычисление отклонений (Cloud-to-Mesh)...
14:45:15 [INFO] core.worker:    ⚠ Предупреждение: модель не является замкнутой (watertight). Знак отклонения восстановлен по нормали ближайшей грани.
14:45:15 [INFO] core.algorithms.deviation: Cloud-to-Mesh: вычисление отклонений...
14:45:16 [WARNING] core.algorithms.deviation: Модель не является замкнутой (watertight). Знак отклонения эвристический — определяется по нормали ближайшей грани. Надёжен только для замкнутых моделей; флаг ambiguous отмечает точки у рёбер/кромок.
14:45:16 [INFO] core.algorithms.deviation: Отклонения вычислены. Мин: -4.6629, Макс: 4.7786, Среднее: 0.1594
14:45:16 [INFO] core.worker: ④ Вычисление статистики...
14:45:26 [INFO] core.algorithms.deviation: Статистика: среднее=0.1594, RMSE=1.6419, макс|отклонение|=4.7786, в допуске=2.6%, избыток=29518, недостаток=27414, неоднозначный знак=0
14:45:26 [INFO] core.worker:    Габариты CAD: 95.9 x 59.3 x 64.0 мм  (диаг. 129.6 мм)
14:45:26 [INFO] core.worker:    Габариты скана: 22.3 x 14.0 x 33.0 мм  (диаг. 42.2 мм)
14:45:26 [INFO] core.worker: ⑤ Раскраска облака точек по отклонениям...
14:45:26 [INFO] core.worker: ✓ Анализ завершён! Среднее отклонение: +0.1594 мм, в допуске: 2.6%
14:45:46 [INFO] core.worker: Базовый режим: используются параметры по умолчанию
14:45:46 [INFO] core.worker: ① Предобработка облака точек...
14:45:46 [INFO] core.algorithms.preprocessing: SOR: начало. Точек до фильтрации: 60,000
14:45:46 [INFO] core.algorithms.preprocessing: SOR: удалено 1,530 выбросов. Осталось: 58,470 точек
14:45:46 [INFO] core.algorithms.preprocessing: Авто voxel_size = 0.5848 (1.5% от диагонали bbox облака 38.99)
14:45:46 [INFO] core.algorithms.preprocessing: Voxel Grid: начало. voxel_size=0.5848. Точек: 58,470
14:45:46 [INFO] core.algorithms.preprocessing: Voxel Grid: 58,470 → 7,685 точек (уменьшено в 7.6x)
14:45:46 [INFO] core.worker:    Предобработка завершена. Осталось точек: 58,470 (полное), 7,685 (прореженное)
14:45:46 [INFO] core.worker: ② Регистрация (совмещение скана с CAD-моделью)...
14:45:46 [INFO] core.algorithms.registration: Размер модели: [64.11 64.01 80.  ] мм, диагональ: 120.86 мм
14:45:46 [INFO] core.algorithms.registration: Адаптивные параметры: voxel=2.417, fpfh_r=6.043, ransac_d=3.626
14:45:46 [INFO] core.algorithms.registration: Пересчитываем прореживание: preprocessing voxel=0.5848, адаптивный voxel=2.4173 (разница > 20%)
14:45:46 [INFO] core.algorithms.registration: Предвыравнивание: смещение [-50.077 -14.759  57.623] мм
14:45:46 [INFO] core.algorithms.registration: Вычисление FPFH-дескрипторов...
14:45:47 [INFO] core.algorithms.registration: PCA: добавлено 4 гипотез
14:45:47 [INFO] core.algorithms.registration: Запуск RANSAC (5 попыток, до 200000 итераций, top_k=4)...
14:45:47 [INFO] core.algorithms.registration:   RANSAC [1/5]: fitness=0.7900, rmse=1.9096
14:45:47 [INFO] core.algorithms.registration:   RANSAC [2/5]: fitness=0.8527, rmse=1.9289
14:45:48 [INFO] core.algorithms.registration:   RANSAC [3/5]: fitness=0.8652, rmse=1.9538
14:45:48 [INFO] core.algorithms.registration:   RANSAC [4/5]: fitness=0.7774, rmse=1.8368
14:45:48 [INFO] core.algorithms.registration:   RANSAC [5/5]: fitness=0.7680, rmse=1.8067
14:45:48 [INFO] core.algorithms.registration: RANSAC топ-4: fitness=['0.8652', '0.8527', '0.7900', '0.7774']
14:45:48 [INFO] core.algorithms.registration: Пул гипотез: 9 (identity=1 + PCA=4 + RANSAC top-4)
14:45:48 [INFO] core.algorithms.registration:   Гипотеза 0: C2M-RMSE=2.1911 мм
14:45:48 [INFO] core.algorithms.registration:   Гипотеза 1: C2M-RMSE=1.8111 мм
14:45:48 [INFO] core.algorithms.registration:   Гипотеза 2: C2M-RMSE=1.8857 мм
14:45:48 [INFO] core.algorithms.registration:   Гипотеза 3: C2M-RMSE=2.1896 мм
14:45:48 [INFO] core.algorithms.registration:   Гипотеза 4: C2M-RMSE=2.2270 мм
14:45:48 [INFO] core.algorithms.registration:   Гипотеза 5: C2M-RMSE=2.1281 мм
14:45:48 [INFO] core.algorithms.registration:   Гипотеза 6: C2M-RMSE=2.1281 мм
14:45:48 [INFO] core.algorithms.registration:   Гипотеза 7: C2M-RMSE=1.9722 мм
14:45:48 [INFO] core.algorithms.registration:   Гипотеза 8: C2M-RMSE=2.1281 мм
14:45:48 [INFO] core.algorithms.registration: Победитель: C2M-RMSE=1.8111 мм
14:45:48 [INFO] core.algorithms.registration: Финальный ICP от уточнённой матрицы победителя: грубый=6.043 мм (5.0%), точный=1.209 мм (1.0%)...
14:45:49 [INFO] core.algorithms.registration: ICP проход 1: rmse=1.808365, fitness=1.0000
14:45:55 [INFO] core.algorithms.registration: ICP проход 2: rmse=0.679063, fitness=0.4786
14:45:55 [INFO] core.algorithms.registration: Диагностика: сдвиг точного прохода=1.0391 мм, поворот=6.4721°, rmse_coarse=1.8152 мм, rmse_bestfit=1.8891 мм, absorbed_rmse=-0.0739 мм, within_tol_coarse=2.8%, absorbed_within_tol=-0.9 п.п.
14:45:55 [INFO] core.algorithms.registration: Регистрация завершена (режим=best_fit): fitness=0.4786, RMSE=0.679063 мм
14:45:55 [INFO] core.worker:    ICP завершён. RMSE совмещения: 0.679063 мм
14:45:55 [INFO] core.worker:    Точная регистрация сместила деталь на 1.0391 мм / 6.4721°, разница C2M-RMSE: -0.0739 мм
14:45:55 [INFO] core.worker:    Точная регистрация повысила долю в допуске на -0.9 п.п. (с 2.8% до 1.9%) — мера маскировки
14:45:55 [INFO] core.worker: ③ Вычисление отклонений (Cloud-to-Mesh)...
14:45:56 [INFO] core.worker:    ⚠ Предупреждение: модель не является замкнутой (watertight). Знак отклонения восстановлен по нормали ближайшей грани.
14:45:56 [INFO] core.algorithms.deviation: Cloud-to-Mesh: вычисление отклонений...
14:45:56 [WARNING] core.algorithms.deviation: Модель не является замкнутой (watertight). Знак отклонения эвристический — определяется по нормали ближайшей грани. Надёжен только для замкнутых моделей; флаг ambiguous отмечает точки у рёбер/кромок.
14:45:56 [INFO] core.algorithms.deviation: Отклонения вычислены. Мин: -5.2180, Макс: 5.9335, Среднее: 0.4341
14:45:56 [INFO] core.worker: ④ Вычисление статистики...
14:46:16 [INFO] core.algorithms.deviation: Статистика: среднее=0.4341, RMSE=1.8534, макс|отклонение|=5.9335, в допуске=2.2%, избыток=33824, недостаток=23343, неоднозначный знак=0
14:46:16 [INFO] core.worker:    Габариты CAD: 95.9 x 59.3 x 64.0 мм  (диаг. 129.6 мм)
14:46:16 [INFO] core.worker:    Габариты скана: 30.1 x 25.2 x 21.3 мм  (диаг. 44.7 мм)
14:46:16 [INFO] core.worker: ⑤ Раскраска облака точек по отклонениям...
14:46:16 [INFO] core.worker: ✓ Анализ завершён! Среднее отклонение: +0.4341 мм, в допуске: 2.2%
14:46:17 [INFO] core.project_manager: Результаты анализа сохранены в ProjectManager
14:46:40 [INFO] core.project_manager: Конфиг сохранён: config.json
14:46:41 [INFO] main: Приложение завершено с кодом 0
14:51:21 [INFO] main: ============================================================
14:51:21 [INFO] main: Запуск приложения
14:51:21 [INFO] root: Конфигурация загружена из config.json
14:51:45 [INFO] core.project_manager: ProjectManager инициализирован
14:51:47 [INFO] ui.main_window: Главное окно инициализировано
14:51:47 [INFO] main: Главное окно открыто
14:54:44 [INFO] core.project_manager: Загрузка CAD-модели: C:/repos/vuz/course4/2semestr/imba/project/geo_module/config.json
14:54:47 [ERROR] ui.main_window: Ошибка загрузки CAD: Файл config.json пустой или повреждён
14:58:09 [INFO] core.project_manager: Конфиг сохранён: config.json
14:58:09 [INFO] main: Приложение завершено с кодом 0
15:00:02 [INFO] main: ============================================================
15:00:02 [INFO] main: Запуск приложения
15:00:02 [INFO] root: Конфигурация загружена из config.json
15:00:07 [INFO] core.project_manager: ProjectManager инициализирован
15:00:09 [INFO] ui.main_window: Главное окно инициализировано
15:00:09 [INFO] main: Главное окно открыто
15:00:34 [INFO] core.project_manager: Загрузка CAD-модели: C:/module/Green_Alien.stl
15:00:35 [INFO] core.project_manager: CAD: масштаб не применяется (единица: mm)
15:00:35 [INFO] core.project_manager: CAD загружена: 615,460 вершин, 206,140 треугольников
15:00:35 [INFO] core.project_manager: Загрузка облака точек: C:/module/scan.ply
15:00:35 [INFO] core.project_manager: Скан: масштаб не применяется (единица: as_is)
15:00:35 [INFO] core.project_manager: Скан загружен: 76,784 точек
15:00:35 [INFO] core.project_manager: NPZ сайдкар загружен: C:/module/project.npz
15:00:35 [INFO] core.project_manager: Проект загружен: C:/module/project.json
15:00:35 [INFO] core.algorithms.deviation: Статистика: среднее=-0.0034, RMSE=0.0470, макс|отклонение|=0.8305, в допуске=88.2%, избыток=3970, недостаток=5014, неоднозначный знак=2
15:01:41 [INFO] core.project_manager: Загрузка облака точек: C:/module/scan.ply
15:01:41 [INFO] core.project_manager: Скан: масштаб не применяется (единица: as_is)
15:01:41 [INFO] core.project_manager: Скан загружен: 76,784 точек
15:01:41 [INFO] core.project_manager: NPZ сайдкар загружен: C:/module/project.npz
15:01:41 [INFO] core.project_manager: Проект загружен: C:/module/project.json
15:01:46 [INFO] core.algorithms.deviation: Статистика: среднее=-0.0034, RMSE=0.0470, макс|отклонение|=0.8305, в допуске=88.2%, избыток=3970, недостаток=5014, неоднозначный знак=2
15:05:16 [INFO] core.algorithms.deviation: Статистика: среднее=-0.0034, RMSE=0.0470, макс|отклонение|=0.8305, в допуске=88.2%, избыток=3970, недостаток=5014, неоднозначный знак=2
15:05:50 [INFO] core.project_manager: Проект загружен: C:/module/config.json
15:06:00 [INFO] core.project_manager: Загрузка CAD-модели: C:/repos/vuz/course4/2semestr/imba/project/geo_module/nightmare_cad.obj
15:06:00 [INFO] core.project_manager: CAD: масштаб не применяется (единица: mm)
15:06:00 [INFO] core.project_manager: CAD загружена: 792 вершин, 1,572 треугольников
15:06:17 [INFO] core.project_manager: Конфиг сохранён: config.json
15:06:17 [INFO] main: Приложение завершено с кодом 0
15:06:55 [INFO] main: ============================================================
15:06:55 [INFO] main: Запуск приложения
15:06:55 [INFO] root: Конфигурация загружена из config.json
15:06:59 [INFO] core.project_manager: ProjectManager инициализирован
15:07:00 [INFO] ui.main_window: Главное окно инициализировано
15:07:00 [INFO] main: Главное окно открыто
15:11:32 [INFO] core.project_manager: Загрузка CAD-модели: C:/repos/vuz/course4/2semestr/imba/project/geo_module/nightmare_cad.obj
15:11:32 [INFO] core.project_manager: CAD: масштаб не применяется (единица: mm)
15:11:32 [INFO] core.project_manager: CAD загружена: 792 вершин, 1,572 треугольников
15:11:35 [INFO] core.project_manager: Загрузка облака точек: C:/repos/vuz/course4/2semestr/imba/project/geo_module/nightmare_scan.ply
15:11:35 [INFO] core.project_manager: Скан: масштаб не применяется (единица: as_is)
15:11:35 [INFO] core.project_manager: Скан загружен: 60,000 точек
15:11:35 [INFO] core.worker: ① Предобработка облака точек...
15:11:35 [INFO] core.algorithms.preprocessing: SOR: начало. Точек до фильтрации: 60,000
15:11:36 [INFO] core.algorithms.preprocessing: SOR: удалено 17,347 выбросов. Осталось: 42,653 точек
15:11:36 [INFO] core.algorithms.preprocessing: Авто voxel_size = 0.5828 (1.5% от диагонали bbox облака 38.85)
15:11:36 [INFO] core.algorithms.preprocessing: Voxel Grid: начало. voxel_size=0.5828. Точек: 42,653
15:11:36 [INFO] core.algorithms.preprocessing: Voxel Grid: 42,653 → 6,834 точек (уменьшено в 6.2x)
15:11:36 [INFO] core.worker:    Предобработка завершена. Осталось точек: 42,653 (полное), 6,834 (прореженное)
15:11:36 [INFO] core.worker: ② Регистрация (совмещение скана с CAD-моделью)...
15:11:36 [INFO] core.algorithms.registration: Размер модели: [30. 11. 20.] мм, диагональ: 37.70 мм
15:11:36 [INFO] core.algorithms.registration: Адаптивные параметры: voxel=0.754, fpfh_r=1.885, ransac_d=1.131
15:11:36 [INFO] core.algorithms.registration: Пересчитываем прореживание: preprocessing voxel=0.5828, адаптивный voxel=0.7539 (разница > 20%)
15:11:36 [INFO] core.algorithms.registration: Предвыравнивание: смещение [-50.512 -20.077  30.164] мм
15:11:36 [INFO] core.algorithms.registration: Вычисление FPFH-дескрипторов...
15:11:36 [INFO] core.algorithms.registration: PCA: добавлено 4 гипотез
15:11:36 [INFO] core.algorithms.registration: Запуск RANSAC (6 попыток, до 200000 итераций, top_k=4)...
15:11:38 [INFO] core.algorithms.registration:   RANSAC [1/6]: fitness=0.9826, rmse=0.4027
15:11:38 [INFO] core.worker: [Отмена] Анализ отменён пользователем
15:11:40 [INFO] core.worker: ① Предобработка облака точек...
15:11:40 [INFO] core.algorithms.preprocessing: SOR: начало. Точек до фильтрации: 60,000
15:11:40 [INFO] core.algorithms.preprocessing: SOR: удалено 17,347 выбросов. Осталось: 42,653 точек
15:11:40 [INFO] core.algorithms.preprocessing: Авто voxel_size = 0.5828 (1.5% от диагонали bbox облака 38.85)
15:11:40 [INFO] core.algorithms.preprocessing: Voxel Grid: начало. voxel_size=0.5828. Точек: 42,653
15:11:40 [INFO] core.algorithms.preprocessing: Voxel Grid: 42,653 → 6,834 точек (уменьшено в 6.2x)
15:11:40 [INFO] core.worker:    Предобработка завершена. Осталось точек: 42,653 (полное), 6,834 (прореженное)
15:11:40 [INFO] core.worker: ② Регистрация (совмещение скана с CAD-моделью)...
15:11:40 [INFO] core.algorithms.registration: Размер модели: [30. 11. 20.] мм, диагональ: 37.70 мм
15:11:40 [INFO] core.algorithms.registration: Адаптивные параметры: voxel=0.754, fpfh_r=1.885, ransac_d=1.131
15:11:40 [INFO] core.algorithms.registration: Пересчитываем прореживание: preprocessing voxel=0.5828, адаптивный voxel=0.7539 (разница > 20%)
15:11:40 [INFO] core.algorithms.registration: Предвыравнивание: смещение [-50.567 -20.069  30.176] мм
15:11:40 [INFO] core.algorithms.registration: Вычисление FPFH-дескрипторов...
15:11:41 [INFO] core.algorithms.registration: PCA: добавлено 4 гипотез
15:11:41 [INFO] core.algorithms.registration: Запуск RANSAC (6 попыток, до 200000 итераций, top_k=4)...
15:11:42 [INFO] core.algorithms.registration:   RANSAC [1/6]: fitness=0.8232, rmse=0.5942
15:11:42 [INFO] core.worker: [Отмена] Анализ отменён пользователем
15:11:46 [INFO] core.worker: ① Предобработка облака точек...
15:11:46 [INFO] core.algorithms.preprocessing: SOR: начало. Точек до фильтрации: 60,000
15:11:46 [INFO] core.algorithms.preprocessing: SOR: удалено 17,347 выбросов. Осталось: 42,653 точек
15:11:46 [INFO] core.algorithms.preprocessing: Авто voxel_size = 0.5828 (1.5% от диагонали bbox облака 38.85)
15:11:46 [INFO] core.algorithms.preprocessing: Voxel Grid: начало. voxel_size=0.5828. Точек: 42,653
15:11:46 [INFO] core.algorithms.preprocessing: Voxel Grid: 42,653 → 6,834 точек (уменьшено в 6.2x)
15:11:46 [INFO] core.worker:    Предобработка завершена. Осталось точек: 42,653 (полное), 6,834 (прореженное)
15:11:46 [INFO] core.worker: ② Регистрация (совмещение скана с CAD-моделью)...
15:11:46 [INFO] core.algorithms.registration: Размер модели: [30. 11. 20.] мм, диагональ: 37.70 мм
15:11:46 [INFO] core.algorithms.registration: Адаптивные параметры: voxel=0.754, fpfh_r=1.885, ransac_d=1.131
15:11:46 [INFO] core.algorithms.registration: Пересчитываем прореживание: preprocessing voxel=0.5828, адаптивный voxel=0.7539 (разница > 20%)
15:11:46 [INFO] core.algorithms.registration: Предвыравнивание: смещение [-50.551 -20.077  30.129] мм
15:11:46 [INFO] core.algorithms.registration: Вычисление FPFH-дескрипторов...
15:11:47 [INFO] core.algorithms.registration: PCA: добавлено 4 гипотез
15:11:47 [INFO] core.algorithms.registration: Запуск RANSAC (6 попыток, до 200000 итераций, top_k=4)...
15:11:48 [INFO] core.algorithms.registration:   RANSAC [1/6]: fitness=0.8955, rmse=0.6211
15:11:48 [INFO] core.worker: [Отмена] Анализ отменён пользователем
15:11:48 [INFO] core.project_manager: Конфиг сохранён: config.json
15:11:48 [INFO] main: Приложение завершено с кодом 0
15:38:17 [INFO] main: ============================================================
15:38:17 [INFO] main: Запуск приложения
15:38:17 [INFO] root: Конфигурация загружена из config.json
15:38:25 [INFO] core.project_manager: ProjectManager инициализирован
15:38:26 [INFO] ui.main_window: Главное окно инициализировано
15:38:26 [INFO] main: Главное окно открыто
15:39:15 [ERROR] ui.main_window: Ошибка загрузки CAD: Неподдерживаемый формат «.json».
Поддерживаемые форматы CAD-моделей: .obj, .stl
15:39:34 [INFO] core.project_manager: Загрузка CAD-модели: C:/repos/vuz/course4/2semestr/imba/project/geo_module/nightmare_cad.obj
15:39:34 [INFO] core.project_manager: CAD: масштаб не применяется (единица: mm)
15:39:34 [INFO] core.project_manager: CAD загружена: 792 вершин, 1,572 треугольников
15:39:41 [INFO] core.project_manager: Загрузка облака точек: C:/repos/vuz/course4/2semestr/imba/project/geo_module/nightmare_scan.ply
15:39:41 [INFO] core.project_manager: Скан: масштаб не применяется (единица: as_is)
15:39:41 [INFO] core.project_manager: Скан загружен: 60,000 точек
15:39:42 [INFO] core.worker: ① Предобработка облака точек...
15:39:42 [INFO] core.algorithms.preprocessing: SOR: начало. Точек до фильтрации: 60,000
15:39:42 [INFO] core.algorithms.preprocessing: SOR: удалено 17,347 выбросов. Осталось: 42,653 точек
15:39:42 [INFO] core.algorithms.preprocessing: Авто voxel_size = 0.5828 (1.5% от диагонали bbox облака 38.85)
15:39:42 [INFO] core.algorithms.preprocessing: Voxel Grid: начало. voxel_size=0.5828. Точек: 42,653
15:39:42 [INFO] core.algorithms.preprocessing: Voxel Grid: 42,653 → 6,834 точек (уменьшено в 6.2x)
15:39:42 [INFO] core.worker:    Предобработка завершена. Осталось точек: 42,653 (полное), 6,834 (прореженное)
15:39:42 [INFO] core.worker: ② Регистрация (совмещение скана с CAD-моделью)...
15:39:42 [INFO] core.algorithms.registration: Размер модели: [30. 11. 20.] мм, диагональ: 37.70 мм
15:39:42 [INFO] core.algorithms.registration: Адаптивные параметры: voxel=0.754, fpfh_r=1.885, ransac_d=1.131
15:39:42 [INFO] core.algorithms.registration: Пересчитываем прореживание: preprocessing voxel=0.5828, адаптивный voxel=0.7539 (разница > 20%)
15:39:42 [INFO] core.algorithms.registration: Предвыравнивание: смещение [-50.609 -20.079  30.136] мм
15:39:42 [INFO] core.algorithms.registration: Вычисление FPFH-дескрипторов...
15:39:43 [INFO] core.algorithms.registration: PCA: добавлено 4 гипотез
15:39:43 [INFO] core.algorithms.registration: Запуск RANSAC (6 попыток, до 200000 итераций, top_k=4)...
15:39:44 [INFO] core.algorithms.registration:   RANSAC [1/6]: fitness=0.9088, rmse=0.4894
15:39:45 [INFO] core.algorithms.registration:   RANSAC [2/6]: fitness=0.7479, rmse=0.6009
15:39:47 [INFO] core.algorithms.registration:   RANSAC [3/6]: fitness=0.9412, rmse=0.5295
15:39:48 [INFO] core.algorithms.registration:   RANSAC [4/6]: fitness=0.9224, rmse=0.5421
15:39:49 [INFO] core.algorithms.registration:   RANSAC [5/6]: fitness=0.9615, rmse=0.5135
15:39:50 [INFO] core.algorithms.registration:   RANSAC [6/6]: fitness=0.8766, rmse=0.5754
15:39:50 [INFO] core.algorithms.registration: RANSAC топ-4: fitness=['0.9615', '0.9412', '0.9224', '0.9088']
15:39:50 [INFO] core.algorithms.registration: Пул гипотез: 9 (identity=1 + PCA=4 + RANSAC top-4)
15:39:51 [INFO] core.algorithms.registration:   Гипотеза 0: C2M-RMSE=2.1547 мм
15:39:51 [INFO] core.algorithms.registration:   Гипотеза 1: C2M-RMSE=0.8935 мм
15:39:51 [INFO] core.algorithms.registration:   Гипотеза 2: C2M-RMSE=0.1541 мм
15:39:51 [INFO] core.algorithms.registration:   Гипотеза 3: C2M-RMSE=0.7252 мм
15:39:51 [INFO] core.algorithms.registration:   Гипотеза 4: C2M-RMSE=0.9714 мм
15:39:51 [INFO] core.algorithms.registration:   Гипотеза 5: C2M-RMSE=0.1541 мм
15:39:51 [INFO] core.algorithms.registration:   Гипотеза 6: C2M-RMSE=0.1541 мм
15:39:51 [INFO] core.algorithms.registration:   Гипотеза 7: C2M-RMSE=0.1541 мм
15:39:51 [INFO] core.algorithms.registration:   Гипотеза 8: C2M-RMSE=0.1541 мм
15:39:51 [INFO] core.algorithms.registration: Победитель: C2M-RMSE=0.1541 мм
15:39:51 [INFO] core.algorithms.registration: Финальный ICP от уточнённой матрицы победителя: грубый=1.319 мм (3.5%), точный=0.490 мм (1.3%)...
15:39:51 [INFO] core.algorithms.registration: ICP проход 1: rmse=0.190479, fitness=1.0000
15:39:51 [INFO] core.algorithms.registration: ICP проход 2: rmse=0.187815, fitness=0.9956
15:39:51 [INFO] core.algorithms.registration: Диагностика: сдвиг точного прохода=0.0034 мм, поворот=0.0379°, rmse_coarse=0.1543 мм, rmse_bestfit=0.1544 мм, absorbed_rmse=-0.0002 мм, within_tol_coarse=30.1%, absorbed_within_tol=+0.0 п.п.
15:39:51 [INFO] core.algorithms.registration: Регистрация завершена (режим=best_fit): fitness=0.9956, RMSE=0.187815 мм
15:39:51 [INFO] core.worker:    ICP завершён. RMSE совмещения: 0.187815 мм
15:39:51 [INFO] core.worker:    Точная регистрация сместила деталь на 0.0034 мм / 0.0379°, разница C2M-RMSE: -0.0002 мм
15:39:51 [INFO] core.worker:    Точная регистрация повысила долю в допуске на +0.0 п.п. (с 30.1% до 30.1%) — мера маскировки
15:39:51 [INFO] core.worker: ③ Вычисление отклонений (Cloud-to-Mesh)...
15:39:51 [INFO] core.worker:    ⚠ Предупреждение: модель не является замкнутой (watertight). Знак отклонения восстановлен по нормали ближайшей грани.
15:39:51 [INFO] core.algorithms.deviation: Cloud-to-Mesh: вычисление отклонений...
15:39:51 [WARNING] core.algorithms.deviation: Модель не является замкнутой (watertight). Знак отклонения эвристический — определяется по нормали ближайшей грани. Надёжен только для замкнутых моделей; флаг ambiguous отмечает точки у рёбер/кромок.
15:39:51 [INFO] core.algorithms.deviation: Отклонения вычислены. Мин: -0.5448, Макс: 0.6202, Среднее: 0.0041
15:39:51 [INFO] core.worker: ④ Вычисление статистики...
15:41:00 [INFO] core.algorithms.deviation: Статистика: среднее=0.0041, RMSE=0.1570, макс|отклонение|=0.6202, в допуске=29.4%, избыток=15250, недостаток=14854, неоднозначный знак=27
15:41:00 [INFO] core.worker:    Габариты CAD: 34.9 x 30.6 x 11.9 мм  (диаг. 47.9 мм)
15:41:00 [INFO] core.worker:    Габариты скана: 34.8 x 30.4 x 11.5 мм  (диаг. 47.6 мм)
15:41:00 [INFO] core.worker:    Неоднозначный знак: 27 точек (0.1%) — точки у рёбер/кромок
15:41:00 [INFO] core.worker: ⑤ Раскраска облака точек по отклонениям...
15:41:00 [INFO] core.worker: [Отмена] Анализ отменён пользователем
15:41:05 [INFO] core.worker: ① Предобработка облака точек...
15:41:05 [INFO] core.algorithms.preprocessing: SOR: начало. Точек до фильтрации: 60,000
15:41:06 [INFO] core.algorithms.preprocessing: SOR: удалено 17,347 выбросов. Осталось: 42,653 точек
15:41:06 [INFO] core.algorithms.preprocessing: Авто voxel_size = 0.5828 (1.5% от диагонали bbox облака 38.85)
15:41:06 [INFO] core.algorithms.preprocessing: Voxel Grid: начало. voxel_size=0.5828. Точек: 42,653
15:41:06 [INFO] core.algorithms.preprocessing: Voxel Grid: 42,653 → 6,834 точек (уменьшено в 6.2x)
15:41:06 [INFO] core.worker:    Предобработка завершена. Осталось точек: 42,653 (полное), 6,834 (прореженное)
15:41:06 [INFO] core.worker: ② Регистрация (совмещение скана с CAD-моделью)...
15:41:06 [INFO] core.algorithms.registration: Размер модели: [30. 11. 20.] мм, диагональ: 37.70 мм
15:41:06 [INFO] core.algorithms.registration: Адаптивные параметры: voxel=0.754, fpfh_r=1.885, ransac_d=1.131
15:41:06 [INFO] core.algorithms.registration: Пересчитываем прореживание: preprocessing voxel=0.5828, адаптивный voxel=0.7539 (разница > 20%)
15:41:06 [INFO] core.algorithms.registration: Предвыравнивание: смещение [-50.528 -20.083  30.138] мм
15:41:06 [INFO] core.algorithms.registration: Вычисление FPFH-дескрипторов...
15:41:06 [INFO] core.algorithms.registration: PCA: добавлено 4 гипотез
15:41:06 [INFO] core.algorithms.registration: Запуск RANSAC (6 попыток, до 200000 итераций, top_k=4)...
15:41:08 [INFO] core.algorithms.registration:   RANSAC [1/6]: fitness=0.9715, rmse=0.5503
15:41:09 [INFO] core.algorithms.registration:   RANSAC [2/6]: fitness=0.8401, rmse=0.5530
15:41:10 [INFO] core.algorithms.registration:   RANSAC [3/6]: fitness=0.8033, rmse=0.5775
15:41:11 [INFO] core.algorithms.registration:   RANSAC [4/6]: fitness=0.9173, rmse=0.5193
15:41:12 [INFO] core.algorithms.registration:   RANSAC [5/6]: fitness=0.9306, rmse=0.4844
15:41:14 [INFO] core.algorithms.registration:   RANSAC [6/6]: fitness=0.8396, rmse=0.5369
15:41:14 [INFO] core.algorithms.registration: RANSAC топ-4: fitness=['0.9715', '0.9306', '0.9173', '0.8401']
15:41:14 [INFO] core.algorithms.registration: Пул гипотез: 9 (identity=1 + PCA=4 + RANSAC top-4)
15:41:14 [INFO] core.algorithms.registration:   Гипотеза 0: C2M-RMSE=1.8034 мм
15:41:14 [INFO] core.algorithms.registration:   Гипотеза 1: C2M-RMSE=0.8924 мм
15:41:14 [INFO] core.algorithms.registration:   Гипотеза 2: C2M-RMSE=0.1541 мм
15:41:14 [INFO] core.algorithms.registration:   Гипотеза 3: C2M-RMSE=0.7253 мм
15:41:14 [INFO] core.algorithms.registration:   Гипотеза 4: C2M-RMSE=0.9719 мм
15:41:14 [INFO] core.algorithms.registration:   Гипотеза 5: C2M-RMSE=0.1541 мм
15:41:14 [INFO] core.algorithms.registration:   Гипотеза 6: C2M-RMSE=0.1541 мм
15:41:14 [INFO] core.algorithms.registration:   Гипотеза 7: C2M-RMSE=0.1541 мм
15:41:14 [INFO] core.algorithms.registration:   Гипотеза 8: C2M-RMSE=0.1541 мм
15:41:14 [INFO] core.algorithms.registration: Победитель: C2M-RMSE=0.1541 мм
15:41:14 [INFO] core.algorithms.registration: Финальный ICP от уточнённой матрицы победителя: грубый=1.319 мм (3.5%), точный=0.490 мм (1.3%)...
15:41:14 [INFO] core.algorithms.registration: ICP проход 1: rmse=0.190607, fitness=1.0000
15:41:14 [INFO] core.algorithms.registration: ICP проход 2: rmse=0.187677, fitness=0.9952
15:41:14 [INFO] core.algorithms.registration: Диагностика: сдвиг точного прохода=0.0039 мм, поворот=0.0416°, rmse_coarse=0.1543 мм, rmse_bestfit=0.1544 мм, absorbed_rmse=-0.0002 мм, within_tol_coarse=30.2%, absorbed_within_tol=+0.1 п.п.
15:41:14 [INFO] core.algorithms.registration: Регистрация завершена (режим=best_fit): fitness=0.9952, RMSE=0.187677 мм
15:41:14 [INFO] core.worker:    ICP завершён. RMSE совмещения: 0.187677 мм
15:41:14 [INFO] core.worker:    Точная регистрация сместила деталь на 0.0039 мм / 0.0416°, разница C2M-RMSE: -0.0002 мм
15:41:14 [INFO] core.worker:    Точная регистрация повысила долю в допуске на +0.1 п.п. (с 30.2% до 30.2%) — мера маскировки
15:41:14 [INFO] core.worker: ③ Вычисление отклонений (Cloud-to-Mesh)...
15:41:14 [INFO] core.worker:    ⚠ Предупреждение: модель не является замкнутой (watertight). Знак отклонения восстановлен по нормали ближайшей грани.
15:41:14 [INFO] core.algorithms.deviation: Cloud-to-Mesh: вычисление отклонений...
15:41:14 [WARNING] core.algorithms.deviation: Модель не является замкнутой (watertight). Знак отклонения эвристический — определяется по нормали ближайшей грани. Надёжен только для замкнутых моделей; флаг ambiguous отмечает точки у рёбер/кромок.
15:41:14 [INFO] core.algorithms.deviation: Отклонения вычислены. Мин: -0.5461, Макс: 0.6220, Среднее: 0.0041
15:41:14 [INFO] core.worker: ④ Вычисление статистики...
15:42:27 [INFO] core.algorithms.deviation: Статистика: среднее=0.0041, RMSE=0.1570, макс|отклонение|=0.6220, в допуске=29.4%, избыток=15244, недостаток=14848, неоднозначный знак=27
15:42:27 [INFO] core.worker:    Габариты CAD: 34.9 x 30.6 x 11.9 мм  (диаг. 47.9 мм)
15:42:27 [INFO] core.worker:    Габариты скана: 34.8 x 30.4 x 11.5 мм  (диаг. 47.6 мм)
15:42:27 [INFO] core.worker:    Неоднозначный знак: 27 точек (0.1%) — точки у рёбер/кромок
15:42:27 [INFO] core.worker: ⑤ Раскраска облака точек по отклонениям...
15:42:27 [INFO] core.worker: ✓ Анализ завершён! Среднее отклонение: +0.0041 мм, в допуске: 29.4%
15:42:35 [INFO] core.project_manager: Результаты анализа сохранены в ProjectManager
15:42:50 [INFO] core.worker: ① Предобработка облака точек...
15:42:50 [INFO] core.algorithms.preprocessing: SOR: начало. Точек до фильтрации: 60,000
15:42:50 [INFO] core.algorithms.preprocessing: SOR: удалено 3,608 выбросов. Осталось: 56,392 точек
15:42:50 [INFO] core.algorithms.preprocessing: Авто voxel_size = 0.5843 (1.5% от диагонали bbox облака 38.96)
15:42:50 [INFO] core.algorithms.preprocessing: Voxel Grid: начало. voxel_size=0.5843. Точек: 56,392
15:42:50 [INFO] core.algorithms.preprocessing: Voxel Grid: 56,392 → 7,539 точек (уменьшено в 7.5x)
15:42:50 [INFO] core.worker:    Предобработка завершена. Осталось точек: 56,392 (полное), 7,539 (прореженное)
15:42:50 [INFO] core.worker: ② Регистрация (совмещение скана с CAD-моделью)...
15:42:50 [INFO] core.algorithms.registration: Размер модели: [30. 11. 20.] мм, диагональ: 37.70 мм
15:42:50 [INFO] core.algorithms.registration: Адаптивные параметры: voxel=0.754, fpfh_r=1.885, ransac_d=1.131
15:42:50 [INFO] core.algorithms.registration: Пересчитываем прореживание: preprocessing voxel=0.5843, адаптивный voxel=0.7539 (разница > 20%)
15:42:51 [INFO] core.algorithms.registration: Предвыравнивание: смещение [-50.496 -20.115  30.24 ] мм
15:42:51 [INFO] core.algorithms.registration: Вычисление FPFH-дескрипторов...
15:42:51 [INFO] core.algorithms.registration: PCA: добавлено 4 гипотез
15:42:51 [INFO] core.algorithms.registration: Запуск RANSAC (6 попыток, до 200000 итераций, top_k=4)...
15:42:52 [INFO] core.algorithms.registration:   RANSAC [1/6]: fitness=0.9984, rmse=0.4294
15:42:54 [INFO] core.algorithms.registration:   RANSAC [2/6]: fitness=0.8344, rmse=0.5346
15:42:55 [INFO] core.algorithms.registration:   RANSAC [3/6]: fitness=0.9138, rmse=0.5601
15:42:56 [INFO] core.algorithms.registration:   RANSAC [4/6]: fitness=0.9421, rmse=0.5176
15:42:58 [INFO] core.algorithms.registration:   RANSAC [5/6]: fitness=0.9143, rmse=0.5718
15:42:59 [INFO] core.algorithms.registration:   RANSAC [6/6]: fitness=0.9432, rmse=0.4113
15:42:59 [INFO] core.algorithms.registration: RANSAC топ-4: fitness=['0.9984', '0.9432', '0.9421', '0.9143']
15:42:59 [INFO] core.algorithms.registration: Пул гипотез: 9 (identity=1 + PCA=4 + RANSAC top-4)
15:42:59 [INFO] core.algorithms.registration:   Гипотеза 0: C2M-RMSE=1.6228 мм
15:42:59 [INFO] core.algorithms.registration:   Гипотеза 1: C2M-RMSE=0.8919 мм
15:42:59 [INFO] core.algorithms.registration:   Гипотеза 2: C2M-RMSE=0.1581 мм
15:42:59 [INFO] core.algorithms.registration:   Гипотеза 3: C2M-RMSE=0.7294 мм
15:42:59 [INFO] core.algorithms.registration:   Гипотеза 4: C2M-RMSE=0.9741 мм
15:42:59 [INFO] core.algorithms.registration:   Гипотеза 5: C2M-RMSE=0.1581 мм
15:42:59 [INFO] core.algorithms.registration:   Гипотеза 6: C2M-RMSE=0.1581 мм
15:42:59 [INFO] core.algorithms.registration:   Гипотеза 7: C2M-RMSE=0.1581 мм
15:42:59 [INFO] core.algorithms.registration:   Гипотеза 8: C2M-RMSE=0.1581 мм
15:42:59 [INFO] core.algorithms.registration: Победитель: C2M-RMSE=0.1581 мм
15:42:59 [INFO] core.algorithms.registration: Финальный ICP от уточнённой матрицы победителя: грубый=1.319 мм (3.5%), точный=0.490 мм (1.3%)...
15:42:59 [INFO] core.algorithms.registration: ICP проход 1: rmse=0.192700, fitness=1.0000
15:42:59 [INFO] core.algorithms.registration: ICP проход 2: rmse=0.188953, fitness=0.9940
15:42:59 [INFO] core.algorithms.registration: Диагностика: сдвиг точного прохода=0.0046 мм, поворот=0.0513°, rmse_coarse=0.1582 мм, rmse_bestfit=0.1585 мм, absorbed_rmse=-0.0003 мм, within_tol_coarse=78.2%, absorbed_within_tol=+0.8 п.п.
15:42:59 [INFO] core.algorithms.registration: Регистрация завершена (режим=best_fit): fitness=0.9940, RMSE=0.188953 мм
15:42:59 [INFO] core.worker:    ICP завершён. RMSE совмещения: 0.188953 мм
15:42:59 [INFO] core.worker:    Точная регистрация сместила деталь на 0.0046 мм / 0.0513°, разница C2M-RMSE: -0.0003 мм
15:42:59 [INFO] core.worker:    Точная регистрация повысила долю в допуске на +0.8 п.п. (с 78.2% до 79.0%) — мера маскировки
15:42:59 [INFO] core.worker: ③ Вычисление отклонений (Cloud-to-Mesh)...
15:42:59 [INFO] core.worker:    ⚠ Предупреждение: модель не является замкнутой (watertight). Знак отклонения восстановлен по нормали ближайшей грани.
15:42:59 [INFO] core.algorithms.deviation: Cloud-to-Mesh: вычисление отклонений...
15:43:00 [WARNING] core.algorithms.deviation: Модель не является замкнутой (watertight). Знак отклонения эвристический — определяется по нормали ближайшей грани. Надёжен только для замкнутых моделей; флаг ambiguous отмечает точки у рёбер/кромок.
15:43:00 [INFO] core.algorithms.deviation: Отклонения вычислены. Мин: -0.6220, Макс: 0.6836, Среднее: 0.0038
15:43:00 [INFO] core.worker: ④ Вычисление статистики...
15:43:16 [INFO] core.algorithms.deviation: Статистика: среднее=0.0038, RMSE=0.1637, макс|отклонение|=0.6836, в допуске=78.5%, избыток=6290, недостаток=5811, неоднозначный знак=30
15:43:16 [INFO] core.worker:    Габариты CAD: 34.9 x 30.6 x 11.9 мм  (диаг. 47.9 мм)
15:43:16 [INFO] core.worker:    Габариты скана: 34.9 x 30.5 x 11.6 мм  (диаг. 47.8 мм)
15:43:16 [INFO] core.worker:    Неоднозначный знак: 30 точек (0.1%) — точки у рёбер/кромок
15:43:16 [INFO] core.worker: ⑤ Раскраска облака точек по отклонениям...
15:43:17 [INFO] core.worker: ✓ Анализ завершён! Среднее отклонение: +0.0038 мм, в допуске: 78.5%
15:43:17 [INFO] core.project_manager: Результаты анализа сохранены в ProjectManager
15:43:44 [INFO] core.algorithms.deviation: Статистика: среднее=0.0038, RMSE=0.1637, макс|отклонение|=0.6836, в допуске=92.7%, избыток=2247, недостаток=1892, неоднозначный знак=30
15:44:36 [INFO] core.project_manager: Загрузка CAD-модели: C:/repos/vuz/course4/2semestr/imba/project/geo_module/Green_Alien.stl
15:44:36 [INFO] core.project_manager: CAD: масштаб не применяется (единица: mm)
15:44:36 [INFO] core.project_manager: CAD загружена: 615,460 вершин, 206,140 треугольников
15:44:39 [INFO] core.project_manager: Загрузка облака точек: C:/repos/vuz/course4/2semestr/imba/project/geo_module/scan.ply
15:44:39 [INFO] core.project_manager: Скан: масштаб не применяется (единица: as_is)
15:44:39 [INFO] core.project_manager: Скан загружен: 76,784 точек
15:44:41 [INFO] core.worker: ① Предобработка облака точек...
15:44:41 [INFO] core.algorithms.preprocessing: SOR: начало. Точек до фильтрации: 76,784
15:44:41 [INFO] core.algorithms.preprocessing: SOR: удалено 355 выбросов. Осталось: 76,429 точек
15:44:41 [INFO] core.algorithms.preprocessing: Авто voxel_size = 1.8579 (1.5% от диагонали bbox облака 123.86)
15:44:41 [INFO] core.algorithms.preprocessing: Voxel Grid: начало. voxel_size=1.8579. Точек: 76,429
15:44:41 [INFO] core.algorithms.preprocessing: Voxel Grid: 76,429 → 3,822 точек (уменьшено в 20.0x)
15:44:41 [INFO] core.worker:    Предобработка завершена. Осталось точек: 76,429 (полное), 3,822 (прореженное)
15:44:41 [INFO] core.worker: ② Регистрация (совмещение скана с CAD-моделью)...
15:44:42 [INFO] core.algorithms.registration: Размер модели: [64.11 64.01 80.  ] мм, диагональ: 120.86 мм
15:44:42 [INFO] core.algorithms.registration: Адаптивные параметры: voxel=2.417, fpfh_r=6.043, ransac_d=3.626
15:44:42 [INFO] core.algorithms.registration: Пересчитываем прореживание: preprocessing voxel=1.8579, адаптивный voxel=2.4173 (разница > 20%)
15:44:42 [INFO] core.algorithms.registration: Предвыравнивание: смещение [16.409 14.286 -8.968] мм
15:44:42 [INFO] core.algorithms.registration: Вычисление FPFH-дескрипторов...
15:44:42 [INFO] core.algorithms.registration: PCA: добавлено 4 гипотез
15:44:42 [INFO] core.algorithms.registration: Запуск RANSAC (6 попыток, до 200000 итераций, top_k=4)...
15:44:44 [INFO] core.algorithms.registration:   RANSAC [1/6]: fitness=0.9991, rmse=1.4443
15:44:46 [INFO] core.algorithms.registration:   RANSAC [2/6]: fitness=0.9991, rmse=1.3381
15:44:48 [INFO] core.algorithms.registration:   RANSAC [3/6]: fitness=0.9197, rmse=1.6802
15:44:50 [INFO] core.algorithms.registration:   RANSAC [4/6]: fitness=1.0000, rmse=1.1626
15:44:52 [INFO] core.algorithms.registration:   RANSAC [5/6]: fitness=0.9991, rmse=1.2834
15:44:54 [INFO] core.algorithms.registration:   RANSAC [6/6]: fitness=1.0000, rmse=1.3199
15:44:54 [INFO] core.algorithms.registration: RANSAC топ-4: fitness=['1.0000', '1.0000', '0.9991', '0.9991']
15:44:54 [INFO] core.algorithms.registration: Пул гипотез: 9 (identity=1 + PCA=4 + RANSAC top-4)
15:44:54 [INFO] core.algorithms.registration:   Гипотеза 0: C2M-RMSE=0.1550 мм
15:44:54 [INFO] core.algorithms.registration:   Гипотеза 1: C2M-RMSE=11.1853 мм
15:44:54 [INFO] core.algorithms.registration:   Гипотеза 2: C2M-RMSE=14.4132 мм
15:44:54 [INFO] core.algorithms.registration:   Гипотеза 3: C2M-RMSE=0.1550 мм
15:44:55 [INFO] core.algorithms.registration:   Гипотеза 4: C2M-RMSE=9.6630 мм
15:44:55 [INFO] core.algorithms.registration:   Гипотеза 5: C2M-RMSE=0.1550 мм
15:44:55 [INFO] core.algorithms.registration:   Гипотеза 6: C2M-RMSE=0.1550 мм
15:44:55 [INFO] core.algorithms.registration:   Гипотеза 7: C2M-RMSE=0.1550 мм
15:44:55 [INFO] core.algorithms.registration:   Гипотеза 8: C2M-RMSE=0.1550 мм
15:44:55 [INFO] core.algorithms.registration: Победитель: C2M-RMSE=0.1550 мм
15:44:55 [INFO] core.algorithms.registration: Финальный ICP от уточнённой матрицы победителя: грубый=4.230 мм (3.5%), точный=1.571 мм (1.3%)...
15:44:55 [INFO] core.algorithms.registration: ICP проход 1: rmse=0.218696, fitness=1.0000
15:44:55 [INFO] core.algorithms.registration: ICP проход 2: rmse=0.218057, fitness=0.9999
15:44:55 [INFO] core.algorithms.registration: Диагностика: сдвиг точного прохода=0.0002 мм, поворот=0.0002°, rmse_coarse=0.1550 мм, rmse_bestfit=0.1550 мм, absorbed_rmse=-0.0000 мм, within_tol_coarse=96.8%, absorbed_within_tol=+0.0 п.п.
15:44:55 [INFO] core.algorithms.registration: Регистрация завершена (режим=best_fit): fitness=0.9999, RMSE=0.218057 мм
15:44:55 [INFO] core.worker:    ICP завершён. RMSE совмещения: 0.218057 мм
15:44:55 [INFO] core.worker:    Точная регистрация сместила деталь на 0.0002 мм / 0.0002°, разница C2M-RMSE: -0.0000 мм
15:44:55 [INFO] core.worker:    Точная регистрация повысила долю в допуске на +0.0 п.п. (с 96.8% до 96.8%) — мера маскировки
15:44:55 [INFO] core.worker: ③ Вычисление отклонений (Cloud-to-Mesh)...
15:44:55 [INFO] core.worker:    ⚠ Предупреждение: модель не является замкнутой (watertight). Знак отклонения восстановлен по нормали ближайшей грани.
15:44:55 [INFO] core.algorithms.deviation: Cloud-to-Mesh: вычисление отклонений...
15:44:56 [WARNING] core.algorithms.deviation: Модель не является замкнутой (watertight). Знак отклонения эвристический — определяется по нормали ближайшей грани. Надёжен только для замкнутых моделей; флаг ambiguous отмечает точки у рёбер/кромок.
15:44:56 [INFO] core.algorithms.deviation: Отклонения вычислены. Мин: -1.7669, Макс: 1.8419, Среднее: -0.0032
15:44:56 [INFO] core.worker: ④ Вычисление статистики...
15:44:56 [INFO] core.algorithms.deviation: Статистика: среднее=-0.0032, RMSE=0.0527, макс|отклонение|=1.8419, в допуске=99.5%, избыток=20, недостаток=334, неоднозначный знак=5
15:44:56 [INFO] core.worker:    Габариты CAD: 95.9 x 59.3 x 64.0 мм  (диаг. 129.6 мм)
15:44:56 [INFO] core.worker:    Габариты скана: 97.2 x 59.3 x 64.0 мм  (диаг. 130.6 мм)
15:44:57 [INFO] core.worker:    Неоднозначный знак: 5 точек (0.0%) — точки у рёбер/кромок
15:44:57 [INFO] core.worker: ⑤ Раскраска облака точек по отклонениям...
15:44:57 [INFO] core.worker: ✓ Анализ завершён! Среднее отклонение: -0.0032 мм, в допуске: 99.5%
15:44:57 [INFO] core.project_manager: Результаты анализа сохранены в ProjectManager
15:46:08 [INFO] core.project_manager: Конфиг сохранён: config.json
15:46:08 [INFO] main: Приложение завершено с кодом 0
15:46:34 [INFO] main: ============================================================
15:46:34 [INFO] main: Запуск приложения
15:46:34 [INFO] root: Конфигурация загружена из config.json
15:46:40 [INFO] core.project_manager: ProjectManager инициализирован
15:46:41 [INFO] ui.main_window: Главное окно инициализировано
15:46:41 [INFO] main: Главное окно открыто
15:46:49 [INFO] core.project_manager: Загрузка CAD-модели: C:/module/Green_Alien.stl
15:46:50 [INFO] core.project_manager: CAD: масштаб не применяется (единица: mm)
15:46:50 [INFO] core.project_manager: CAD загружена: 615,460 вершин, 206,140 треугольников
15:46:50 [INFO] core.project_manager: Загрузка облака точек: C:/module/scan.ply
15:46:50 [INFO] core.project_manager: Скан: масштаб не применяется (единица: as_is)
15:46:50 [INFO] core.project_manager: Скан загружен: 76,784 точек
15:46:50 [INFO] core.project_manager: NPZ сайдкар загружен: C:/module/project.npz
15:46:50 [INFO] core.project_manager: Проект загружен: C:/module/project.json
15:46:50 [INFO] core.algorithms.deviation: Статистика: среднее=-0.0034, RMSE=0.0470, макс|отклонение|=0.8305, в допуске=88.2%, избыток=3970, недостаток=5014, неоднозначный знак=2
15:46:54 [INFO] core.project_manager: Конфиг сохранён: config.json
15:46:54 [INFO] main: Приложение завершено с кодом 0
23:22:30 [INFO] main: ============================================================
23:22:30 [INFO] main: Запуск приложения
23:22:30 [INFO] root: Конфигурация загружена из config.json
23:22:55 [INFO] core.project_manager: ProjectManager инициализирован
23:22:57 [INFO] ui.main_window: Главное окно инициализировано
23:22:58 [INFO] main: Главное окно открыто
23:23:27 [INFO] core.project_manager: Загрузка CAD-модели: C:/project/geo_module/nightmare_cad.obj
23:23:27 [INFO] core.project_manager: CAD: масштаб не применяется (единица: mm)
23:23:27 [INFO] core.project_manager: CAD загружена: 792 вершин, 1,572 треугольников
23:23:31 [INFO] core.project_manager: Загрузка облака точек: C:/project/geo_module/nightmare_scan.ply
23:23:31 [INFO] core.project_manager: Скан: масштаб не применяется (единица: as_is)
23:23:31 [INFO] core.project_manager: Скан загружен: 60,000 точек
23:23:36 [INFO] core.worker: Базовый режим: используются параметры по умолчанию
23:23:36 [INFO] core.worker: ① Предобработка облака точек...
23:23:36 [INFO] core.algorithms.preprocessing: SOR: начало. Точек до фильтрации: 60,000
23:23:36 [INFO] core.algorithms.preprocessing: SOR: удалено 1,530 выбросов. Осталось: 58,470 точек
23:23:36 [INFO] core.algorithms.preprocessing: Авто voxel_size = 0.5848 (1.5% от диагонали bbox облака 38.99)
23:23:36 [INFO] core.algorithms.preprocessing: Voxel Grid: начало. voxel_size=0.5848. Точек: 58,470
23:23:36 [INFO] core.algorithms.preprocessing: Voxel Grid: 58,470 → 7,685 точек (уменьшено в 7.6x)
23:23:36 [INFO] core.worker:    Предобработка завершена. Осталось точек: 58,470 (полное), 7,685 (прореженное)
23:23:36 [INFO] core.worker: ② Регистрация (совмещение скана с CAD-моделью)...
23:23:36 [INFO] core.algorithms.registration: Размер модели: [30. 11. 20.] мм, диагональ: 37.70 мм
23:23:36 [INFO] core.algorithms.registration: Адаптивные параметры: voxel=0.754, fpfh_r=1.885, ransac_d=1.131
23:23:36 [INFO] core.algorithms.registration: Пересчитываем прореживание: preprocessing voxel=0.5848, адаптивный voxel=0.7539 (разница > 20%)
23:23:36 [INFO] core.algorithms.registration: Предвыравнивание: смещение [-50.62  -20.121  30.243] мм
23:23:36 [INFO] core.algorithms.registration: Вычисление FPFH-дескрипторов...
23:23:37 [INFO] core.algorithms.registration: PCA: добавлено 4 гипотез
23:23:37 [INFO] core.algorithms.registration: Запуск RANSAC (5 попыток, до 200000 итераций, top_k=4)...
23:23:39 [INFO] core.algorithms.registration:   RANSAC [1/5]: fitness=0.9766, rmse=0.4443
23:23:41 [INFO] core.algorithms.registration:   RANSAC [2/5]: fitness=0.7815, rmse=0.5021
23:23:43 [INFO] core.algorithms.registration:   RANSAC [3/5]: fitness=0.7497, rmse=0.5049
23:23:45 [INFO] core.algorithms.registration:   RANSAC [4/5]: fitness=0.8358, rmse=0.4377
23:23:47 [INFO] core.algorithms.registration:   RANSAC [5/5]: fitness=0.7284, rmse=0.5871
23:23:47 [INFO] core.algorithms.registration: RANSAC топ-4: fitness=['0.9766', '0.8358', '0.7815', '0.7497']
23:23:47 [INFO] core.algorithms.registration: Пул гипотез: 9 (identity=1 + PCA=4 + RANSAC top-4)
23:23:47 [INFO] core.algorithms.registration:   Гипотеза 0: C2M-RMSE=0.1611 мм
23:23:48 [INFO] core.algorithms.registration:   Гипотеза 1: C2M-RMSE=0.8812 мм
23:23:48 [INFO] core.algorithms.registration:   Гипотеза 2: C2M-RMSE=0.1611 мм
23:23:48 [INFO] core.algorithms.registration:   Гипотеза 3: C2M-RMSE=0.7179 мм
23:23:48 [INFO] core.algorithms.registration:   Гипотеза 4: C2M-RMSE=0.9708 мм
23:23:48 [INFO] core.algorithms.registration:   Гипотеза 5: C2M-RMSE=0.1611 мм
23:23:48 [INFO] core.algorithms.registration:   Гипотеза 6: C2M-RMSE=0.1611 мм
23:23:48 [INFO] core.algorithms.registration:   Гипотеза 7: C2M-RMSE=0.7180 мм
23:23:48 [INFO] core.algorithms.registration:   Гипотеза 8: C2M-RMSE=0.1611 мм
23:23:48 [INFO] core.algorithms.registration: Победитель: C2M-RMSE=0.1611 мм
23:23:48 [INFO] core.algorithms.registration: Финальный ICP от уточнённой матрицы победителя: грубый=1.885 мм (5.0%), точный=0.377 мм (1.0%)...
23:23:48 [INFO] core.algorithms.registration: ICP проход 1: rmse=0.193558, fitness=1.0000
23:23:49 [INFO] core.algorithms.registration: ICP проход 2: rmse=0.159923, fitness=0.9260
23:23:49 [INFO] core.algorithms.registration: Диагностика: сдвиг точного прохода=0.0542 мм, поворот=0.5644°, rmse_coarse=0.1612 мм, rmse_bestfit=0.1834 мм, absorbed_rmse=-0.0222 мм, within_tol_coarse=77.9%, absorbed_within_tol=+5.0 п.п.
23:23:49 [INFO] core.algorithms.registration: Регистрация завершена (режим=best_fit): fitness=0.9260, RMSE=0.159923 мм
23:23:49 [INFO] core.worker:    ICP завершён. RMSE совмещения: 0.159923 мм
23:23:49 [INFO] core.worker:    Точная регистрация сместила деталь на 0.0542 мм / 0.5644°, разница C2M-RMSE: -0.0222 мм
23:23:49 [INFO] core.worker:    Точная регистрация повысила долю в допуске на +5.0 п.п. (с 77.9% до 82.9%) — мера маскировки
23:23:49 [INFO] core.worker: ③ Вычисление отклонений (Cloud-to-Mesh)...
23:23:49 [INFO] core.worker:    ⚠ Предупреждение: модель не является замкнутой (watertight). Знак отклонения восстановлен по нормали ближайшей грани.
23:23:49 [INFO] core.algorithms.deviation: Cloud-to-Mesh: вычисление отклонений...
23:23:49 [WARNING] core.algorithms.deviation: Модель не является замкнутой (watertight). Знак отклонения эвристический — определяется по нормали ближайшей грани. Надёжен только для замкнутых моделей; флаг ambiguous отмечает точки у рёбер/кромок.
23:23:49 [INFO] core.algorithms.deviation: Отклонения вычислены. Мин: -0.7582, Макс: 0.8668, Среднее: 0.0072
23:23:49 [INFO] core.worker: ④ Вычисление статистики...
23:24:20 [INFO] core.algorithms.deviation: Статистика: среднее=0.0072, RMSE=0.1844, макс|отклонение|=0.8668, в допуске=82.1%, избыток=5607, недостаток=4882, неоднозначный знак=70
23:24:20 [INFO] core.worker:    Габариты CAD: 34.9 x 30.6 x 11.9 мм  (диаг. 47.9 мм)
23:24:20 [INFO] core.worker:    Габариты скана: 35.0 x 30.4 x 11.4 мм  (диаг. 47.7 мм)
23:24:20 [INFO] core.worker:    Неоднозначный знак: 70 точек (0.1%) — точки у рёбер/кромок
23:24:20 [INFO] core.worker: ⑤ Раскраска облака точек по отклонениям...
23:24:20 [INFO] core.worker: ✓ Анализ завершён! Среднее отклонение: +0.0072 мм, в допуске: 82.1%
23:24:20 [INFO] core.project_manager: Результаты анализа сохранены в ProjectManager
23:25:02 [INFO] core.worker: ① Предобработка облака точек...
23:25:02 [INFO] core.algorithms.preprocessing: SOR: начало. Точек до фильтрации: 60,000
23:25:02 [INFO] core.algorithms.preprocessing: SOR: удалено 1,530 выбросов. Осталось: 58,470 точек
23:25:02 [INFO] core.algorithms.preprocessing: Авто voxel_size = 0.5848 (1.5% от диагонали bbox облака 38.99)
23:25:02 [INFO] core.algorithms.preprocessing: Voxel Grid: начало. voxel_size=0.5848. Точек: 58,470
23:25:02 [INFO] core.algorithms.preprocessing: Voxel Grid: 58,470 → 7,685 точек (уменьшено в 7.6x)
23:25:02 [INFO] core.worker:    Предобработка завершена. Осталось точек: 58,470 (полное), 7,685 (прореженное)
23:25:02 [INFO] core.worker: ② Регистрация (совмещение скана с CAD-моделью)...
23:25:02 [INFO] core.algorithms.registration: Размер модели: [30. 11. 20.] мм, диагональ: 37.70 мм
23:25:03 [INFO] core.algorithms.registration: Адаптивные параметры: voxel=0.754, fpfh_r=1.885, ransac_d=1.131
23:25:03 [INFO] core.algorithms.registration: Пересчитываем прореживание: preprocessing voxel=0.5848, адаптивный voxel=0.7539 (разница > 20%)
23:25:03 [INFO] core.algorithms.registration: Предвыравнивание: смещение [-50.532 -20.13   30.237] мм
23:25:03 [INFO] core.algorithms.registration: Вычисление FPFH-дескрипторов...
23:25:04 [INFO] core.algorithms.registration: PCA: добавлено 4 гипотез
23:25:04 [INFO] core.algorithms.registration: Запуск RANSAC (5 попыток, до 200000 итераций, top_k=4)...
23:25:05 [INFO] core.algorithms.registration:   RANSAC [1/5]: fitness=0.6118, rmse=0.5821
23:25:07 [INFO] core.algorithms.registration:   RANSAC [2/5]: fitness=0.9250, rmse=0.5593
23:25:09 [INFO] core.algorithms.registration:   RANSAC [3/5]: fitness=0.6979, rmse=0.5413
23:25:11 [INFO] core.algorithms.registration:   RANSAC [4/5]: fitness=0.5702, rmse=0.6072
23:25:12 [INFO] core.algorithms.registration:   RANSAC [5/5]: fitness=0.8529, rmse=0.5282
23:25:12 [INFO] core.algorithms.registration: RANSAC топ-4: fitness=['0.9250', '0.8529', '0.6979', '0.6118']
23:25:12 [INFO] core.algorithms.registration: Пул гипотез: 9 (identity=1 + PCA=4 + RANSAC top-4)
23:25:12 [INFO] core.algorithms.registration:   Гипотеза 0: C2M-RMSE=0.7143 мм
23:25:12 [INFO] core.algorithms.registration:   Гипотеза 1: C2M-RMSE=0.8811 мм
23:25:13 [INFO] core.algorithms.registration:   Гипотеза 2: C2M-RMSE=0.1611 мм
23:25:13 [INFO] core.algorithms.registration:   Гипотеза 3: C2M-RMSE=0.7149 мм
23:25:13 [INFO] core.algorithms.registration:   Гипотеза 4: C2M-RMSE=0.9703 мм
23:25:13 [INFO] core.algorithms.registration:   Гипотеза 5: C2M-RMSE=0.1611 мм
23:25:13 [INFO] core.algorithms.registration:   Гипотеза 6: C2M-RMSE=0.1611 мм
23:25:13 [INFO] core.algorithms.registration:   Гипотеза 7: C2M-RMSE=0.9703 мм
23:25:13 [INFO] core.algorithms.registration:   Гипотеза 8: C2M-RMSE=0.7147 мм
23:25:13 [INFO] core.algorithms.registration: Победитель: C2M-RMSE=0.1611 мм
23:25:13 [INFO] core.algorithms.registration: Финальный ICP от уточнённой матрицы победителя: грубый=1.885 мм (5.0%), точный=0.377 мм (1.0%)...
23:25:13 [INFO] core.algorithms.registration: ICP проход 1: rmse=0.193372, fitness=1.0000
23:25:14 [INFO] core.algorithms.registration: ICP проход 2: rmse=0.159949, fitness=0.9265
23:25:14 [INFO] core.algorithms.registration: Диагностика: сдвиг точного прохода=0.0533 мм, поворот=0.5558°, rmse_coarse=0.1612 мм, rmse_bestfit=0.1828 мм, absorbed_rmse=-0.0216 мм, within_tol_coarse=77.9%, absorbed_within_tol=+5.1 п.п.
23:25:14 [INFO] core.algorithms.registration: Режим conservative: возвращаем грубое выравнивание
23:25:14 [INFO] core.algorithms.registration: Регистрация завершена (режим=conservative): fitness=0.9265, RMSE=0.193372 мм
23:25:14 [INFO] core.worker:    ICP завершён. RMSE совмещения: 0.193372 мм
23:25:14 [INFO] core.worker:    Точная регистрация сместила деталь на 0.0533 мм / 0.5558°, разница C2M-RMSE: -0.0216 мм
23:25:14 [INFO] core.worker:    Точная регистрация повысила долю в допуске на +5.1 п.п. (с 77.9% до 82.9%) — мера маскировки
23:25:14 [INFO] core.worker: ③ Вычисление отклонений (Cloud-to-Mesh)...
23:25:14 [INFO] core.worker:    ⚠ Предупреждение: модель не является замкнутой (watertight). Знак отклонения восстановлен по нормали ближайшей грани.
23:25:14 [INFO] core.algorithms.deviation: Cloud-to-Mesh: вычисление отклонений...
23:25:14 [WARNING] core.algorithms.deviation: Модель не является замкнутой (watertight). Знак отклонения эвристический — определяется по нормали ближайшей грани. Надёжен только для замкнутых моделей; флаг ambiguous отмечает точки у рёбер/кромок.
23:25:14 [INFO] core.algorithms.deviation: Отклонения вычислены. Мин: -0.6049, Макс: 0.6665, Среднее: 0.0042
23:25:14 [INFO] core.worker: ④ Вычисление статистики...
23:25:47 [INFO] core.algorithms.deviation: Статистика: среднее=0.0042, RMSE=0.1654, макс|отклонение|=0.6665, в допуске=77.5%, избыток=6868, недостаток=6284, неоднозначный знак=35
23:25:47 [INFO] core.worker:    Габариты CAD: 34.9 x 30.6 x 11.9 мм  (диаг. 47.9 мм)
23:25:47 [INFO] core.worker:    Габариты скана: 34.9 x 30.5 x 11.6 мм  (диаг. 47.8 мм)
23:25:47 [INFO] core.worker:    Неоднозначный знак: 35 точек (0.1%) — точки у рёбер/кромок
23:25:47 [INFO] core.worker: ⑤ Раскраска облака точек по отклонениям...
23:25:47 [INFO] core.worker: ✓ Анализ завершён! Среднее отклонение: +0.0042 мм, в допуске: 77.5%
23:25:47 [INFO] core.project_manager: Результаты анализа сохранены в ProjectManager
23:26:09 [INFO] core.worker: ① Предобработка облака точек...
23:26:09 [INFO] core.algorithms.preprocessing: SOR: начало. Точек до фильтрации: 60,000
23:26:09 [INFO] core.algorithms.preprocessing: SOR: удалено 1,530 выбросов. Осталось: 58,470 точек
23:26:09 [INFO] core.algorithms.preprocessing: Авто voxel_size = 0.5848 (1.5% от диагонали bbox облака 38.99)
23:26:09 [INFO] core.algorithms.preprocessing: Voxel Grid: начало. voxel_size=0.5848. Точек: 58,470
23:26:09 [INFO] core.algorithms.preprocessing: Voxel Grid: 58,470 → 7,685 точек (уменьшено в 7.6x)
23:26:09 [INFO] core.worker:    Предобработка завершена. Осталось точек: 58,470 (полное), 7,685 (прореженное)
23:26:09 [INFO] core.worker: ② Регистрация (совмещение скана с CAD-моделью)...
23:26:09 [INFO] core.algorithms.registration: Размер модели: [30. 11. 20.] мм, диагональ: 37.70 мм
23:26:09 [INFO] core.algorithms.registration: Адаптивные параметры: voxel=0.754, fpfh_r=1.885, ransac_d=1.131
23:26:09 [INFO] core.algorithms.registration: Пересчитываем прореживание: preprocessing voxel=0.5848, адаптивный voxel=0.7539 (разница > 20%)
23:26:09 [INFO] core.algorithms.registration: Предвыравнивание: смещение [-50.507 -20.115  30.262] мм
23:26:09 [INFO] core.algorithms.registration: Вычисление FPFH-дескрипторов...
23:26:10 [INFO] core.algorithms.registration: PCA: добавлено 4 гипотез
23:26:10 [INFO] core.algorithms.registration: Запуск RANSAC (5 попыток, до 200000 итераций, top_k=4)...
23:26:12 [INFO] core.algorithms.registration:   RANSAC [1/5]: fitness=0.8416, rmse=0.4373
23:26:14 [INFO] core.algorithms.registration:   RANSAC [2/5]: fitness=0.6934, rmse=0.6072
23:26:15 [INFO] core.algorithms.registration:   RANSAC [3/5]: fitness=0.9261, rmse=0.5877
23:26:17 [INFO] core.algorithms.registration:   RANSAC [4/5]: fitness=0.6394, rmse=0.5822
23:26:19 [INFO] core.algorithms.registration:   RANSAC [5/5]: fitness=0.7090, rmse=0.4678
23:26:19 [INFO] core.algorithms.registration: RANSAC топ-4: fitness=['0.9261', '0.8416', '0.7090', '0.6934']
23:26:19 [INFO] core.algorithms.registration: Пул гипотез: 9 (identity=1 + PCA=4 + RANSAC top-4)
23:26:19 [INFO] core.algorithms.registration:   Гипотеза 0: C2M-RMSE=0.1991 мм
23:26:19 [INFO] core.algorithms.registration:   Гипотеза 1: C2M-RMSE=0.8817 мм
23:26:19 [INFO] core.algorithms.registration:   Гипотеза 2: C2M-RMSE=0.1611 мм
23:26:19 [INFO] core.algorithms.registration:   Гипотеза 3: C2M-RMSE=0.7167 мм
23:26:19 [INFO] core.algorithms.registration:   Гипотеза 4: C2M-RMSE=0.9703 мм
23:26:19 [INFO] core.algorithms.registration:   Гипотеза 5: C2M-RMSE=0.1611 мм
23:26:19 [INFO] core.algorithms.registration:   Гипотеза 6: C2M-RMSE=0.1611 мм
23:26:19 [INFO] core.algorithms.registration:   Гипотеза 7: C2M-RMSE=0.1611 мм
23:26:19 [INFO] core.algorithms.registration:   Гипотеза 8: C2M-RMSE=0.1611 мм
23:26:19 [INFO] core.algorithms.registration: Победитель: C2M-RMSE=0.1611 мм
23:26:19 [INFO] core.algorithms.registration: Финальный ICP от уточнённой матрицы победителя: грубый=1.885 мм (5.0%), точный=0.377 мм (1.0%)...
23:26:19 [INFO] core.algorithms.registration: ICP проход 1: rmse=0.193580, fitness=1.0000
23:26:20 [INFO] core.algorithms.registration: ICP проход 2: rmse=0.160616, fitness=0.9278
23:26:20 [INFO] core.algorithms.registration: Диагностика: сдвиг точного прохода=0.0526 мм, поворот=0.5496°, rmse_coarse=0.1612 мм, rmse_bestfit=0.1823 мм, absorbed_rmse=-0.0211 мм, within_tol_coarse=77.9%, absorbed_within_tol=+5.1 п.п.
23:26:20 [INFO] core.algorithms.registration: Режим conservative: возвращаем грубое выравнивание
23:26:20 [INFO] core.algorithms.registration: Регистрация завершена (режим=conservative): fitness=0.9278, RMSE=0.193580 мм
23:26:20 [INFO] core.worker:    ICP завершён. RMSE совмещения: 0.193580 мм
23:26:20 [INFO] core.worker:    Точная регистрация сместила деталь на 0.0526 мм / 0.5496°, разница C2M-RMSE: -0.0211 мм
23:26:20 [INFO] core.worker:    Точная регистрация повысила долю в допуске на +5.1 п.п. (с 77.9% до 82.9%) — мера маскировки
23:26:20 [INFO] core.worker: ③ Вычисление отклонений (Cloud-to-Mesh)...
23:26:20 [INFO] core.worker:    ⚠ Предупреждение: модель не является замкнутой (watertight). Знак отклонения восстановлен по нормали ближайшей грани.
23:26:20 [INFO] core.algorithms.deviation: Cloud-to-Mesh: вычисление отклонений...
23:26:20 [WARNING] core.algorithms.deviation: Модель не является замкнутой (watertight). Знак отклонения эвристический — определяется по нормали ближайшей грани. Надёжен только для замкнутых моделей; флаг ambiguous отмечает точки у рёбер/кромок.
23:26:20 [INFO] core.algorithms.deviation: Отклонения вычислены. Мин: -0.6044, Макс: 0.6662, Среднее: 0.0042
23:26:20 [INFO] core.worker: ④ Вычисление статистики...
23:26:53 [INFO] core.algorithms.deviation: Статистика: среднее=0.0042, RMSE=0.1654, макс|отклонение|=0.6662, в допуске=77.5%, избыток=6868, недостаток=6293, неоднозначный знак=35
23:26:53 [INFO] core.worker:    Габариты CAD: 34.9 x 30.6 x 11.9 мм  (диаг. 47.9 мм)
23:26:53 [INFO] core.worker:    Габариты скана: 34.9 x 30.5 x 11.6 мм  (диаг. 47.8 мм)
23:26:53 [INFO] core.worker:    Неоднозначный знак: 35 точек (0.1%) — точки у рёбер/кромок
23:26:53 [INFO] core.worker: ⑤ Раскраска облака точек по отклонениям...
23:26:53 [INFO] core.worker: ✓ Анализ завершён! Среднее отклонение: +0.0042 мм, в допуске: 77.5%
23:26:53 [INFO] core.project_manager: Результаты анализа сохранены в ProjectManager
23:39:57 [INFO] core.project_manager: Конфиг сохранён: config.json
23:39:57 [INFO] main: Приложение завершено с кодом 0
